Host,phylumH,classH,orderH,familyH,genusH,YearH,Parasite,phylumP,classP,orderP,familyP,genusP,YearP
Aetomylaeus nichofii,Chordata,Elasmobranchii,Myliobatiformes,Myliobatidae,Aetomylaeus,1801,Elicilacunosus fahmii,Platyhelminthes,Cestoda,Lecanicephalidea,Lecanicephalidae,Elicilacunosus,2012
Alopias pelagicus,Chordata,Elasmobranchii,Lamniformes,Alopiidae,Alopias,1935,Litobothrium daileyi,Platyhelminthes,Cestoda,Litobothriidea,Litobothriidae,Litobothrium,1973
Alopias superciliosus,Chordata,Elasmobranchii,Lamniformes,Alopiidae,Alopias,1841,Litobothrium janovyi,Platyhelminthes,Cestoda,Litobothriidea,Litobothriidae,Litobothrium,2001
Alopias pelagicus,Chordata,Elasmobranchii,Lamniformes,Alopiidae,Alopias,1935,Litobothrium nickoli,Platyhelminthes,Cestoda,Litobothriidea,Litobothriidae,Litobothrium,2001
Diplobatis ommata,Chordata,Elasmobranchii,Torpediniformes,Narcinidae,Diplobatis,1890,Acanthobothrium dollyae,Platyhelminthes,Cestoda,Onchoproteocephalidea,Onchobothriidae,Acanthobothrium,2001
Diplobatis ommata,Chordata,Elasmobranchii,Torpediniformes,Narcinidae,Diplobatis,1890,Acanthobothrium maryanskii,Platyhelminthes,Cestoda,Onchoproteocephalidea,Onchobothriidae,Acanthobothrium,2001
Diplobatis ommata,Chordata,Elasmobranchii,Torpediniformes,Narcinidae,Diplobatis,1890,Acanthobothrium royi,Platyhelminthes,Cestoda,Onchoproteocephalidea,Onchobothriidae,Acanthobothrium,2001
Heterodontus francisci,Chordata,Elasmobranchii,Heterodontiformes,Heterodontidae,Heterodontus,1855,Acanthobothrium puertecitense,Platyhelminthes,Cestoda,Onchoproteocephalidea,Onchobothriidae,Acanthobothrium,2001
Heterodontus mexicanus,Chordata,Elasmobranchii,Heterodontiformes,Heterodontidae,Heterodontus,1972,Acanthobothrium santarosaliense,Platyhelminthes,Cestoda,Onchoproteocephalidea,Onchobothriidae,Acanthobothrium,2001
Prionace glauca,Chordata,Elasmobranchii,Carcharhiniformes,Carcharhinidae,Prionace,1758,Prosobothrium armigerum,Platyhelminthes,Cestoda,Onchoproteocephalidea,Prosobothriidae,Prosobothrium,1902
Ginglymostoma cirratum,Chordata,Elasmobranchii,Orectolobiformes,Ginglymostomatidae,Ginglymostoma,1788,Pedibothrium brevispine,Platyhelminthes,Cestoda,Onchoproteocephalidea,Onchobothriidae,Pedibothrium,1909
Ginglymostoma cirratum,Chordata,Elasmobranchii,Orectolobiformes,Ginglymostomatidae,Ginglymostoma,1788,Pedibothrium manteri,Platyhelminthes,Cestoda,Onchoproteocephalidea,Onchobothriidae,Pedibothrium,1992
Liparis atlanticus,Chordata,Actinopteri,Perciformes,Liparidae,Liparis,1898,Spathebothrium simplex,Platyhelminthes,Cestoda,Spathebothriidea,Spathebothriidae,Spathebothrium,1922
Prionace glauca,Chordata,Elasmobranchii,Carcharhiniformes,Carcharhinidae,Prionace,1758,Platybothrium auriculatum,Platyhelminthes,Cestoda,Onchoproteocephalidea,Onchobothriidae,Platybothrium,1952
Myliobatis californica,Chordata,Elasmobranchii,Myliobatiformes,Myliobatidae,Myliobatis,1865,Aberrapex senticosus,Platyhelminthes,Cestoda,Lecanicephalidea,Aberrapecidae,Aberrapex,2001
Mobula japanica,Chordata,Elasmobranchii,Myliobatiformes,Myliobatidae,Mobula,1841,Healyum harenamica,Platyhelminthes,Cestoda,Lecanicephalidea,Lecanicephalidea incertae sedis,Healyum,2001
Mobula japanica,Chordata,Elasmobranchii,Myliobatiformes,Myliobatidae,Mobula,1841,Healyum pulvis,Platyhelminthes,Cestoda,Lecanicephalidea,Lecanicephalidea incertae sedis,Healyum,2001
Mobula japanica,Chordata,Elasmobranchii,Myliobatiformes,Myliobatidae,Mobula,1841,Quadcuspibothrium francisi,Platyhelminthes,Cestoda,Lecanicephalidea,Lecanicephalidea incertae sedis,Quadcuspibothrium,2001
Taeniura lymma,Chordata,Elasmobranchii,Myliobatiformes,Dasyatidae,Taeniura,1775,Echinobothrium elegans,Platyhelminthes,Cestoda,Diphyllidea,Echinobothriidae,Echinobothrium,2006
Taeniura lymma,Chordata,Elasmobranchii,Myliobatiformes,Dasyatidae,Taeniura,1775,Echinobothrium heroniense,Platyhelminthes,Cestoda,Diphyllidea,Echinobothriidae,Echinobothrium,1964
Urobatis halleri,Chordata,Elasmobranchii,Myliobatiformes,Urotrygonidae,Urobatis,1863,Acanthobothrium parviuncinatum,Platyhelminthes,Cestoda,Onchoproteocephalidea,Onchobothriidae,Acanthobothrium,1954
Urobatis maculatus,Chordata,Elasmobranchii,Myliobatiformes,Urotrygonidae,Urobatis,1913,Anthocephalum duszynskii,Platyhelminthes,Cestoda,Rhinebothriidea,Anthocephaliidae,Anthocephalum,1994
Pristiophorus cirratus,Chordata,Elasmobranchii,Pristiophoriformes,Pristiophoridae,Pristiophorus,1794,Bibursibothrium gouldeni,Platyhelminthes,Cestoda,Phyllobothriidea,Phyllobothriidae,Bibursibothrium,1998
Isurus oxyrinchus,Chordata,Elasmobranchii,Lamniformes,Lamnidae,Isurus,1810,Ceratobothrium xanthocephalum,Platyhelminthes,Cestoda,Tetraphyllidea,Gastrolecithidae,Ceratobothrium,1892
Carcharodon carcharias,Chordata,Elasmobranchii,Lamniformes,Lamnidae,Carcharodon,1758,Clistobothrium carcharodoni,Platyhelminthes,Cestoda,Phyllobothriidea,Phyllobothriidae,Clistobothrium,1990
Carcharhinus longimanus,Chordata,Elasmobranchii,Carcharhiniformes,Carcharhinidae,Carcharhinus,1861,Disculiceps galapagoensis,Platyhelminthes,Cestoda,Cathetocephalidea,Disculicepitidae,Disculiceps,1988
Nebrius ferrugineus,Chordata,Elasmobranchii,Orectolobiformes,Ginglymostomatidae,Nebrius,1831,Pachybothrium hutsoni,Platyhelminthes,Cestoda,Tetraphyllidea,Balanobothriidae,Pachybothrium,1911
Ginglymostoma cirratum,Chordata,Elasmobranchii,Orectolobiformes,Ginglymostomatidae,Ginglymostoma,1788,Pedibothrium globicephalum,Platyhelminthes,Cestoda,Onchoproteocephalidea,Onchobothriidae,Pedibothrium,1909
Ginglymostoma cirratum,Chordata,Elasmobranchii,Orectolobiformes,Ginglymostomatidae,Ginglymostoma,1788,Pedibothrium longispine,Platyhelminthes,Cestoda,Onchoproteocephalidea,Onchobothriidae,Pedibothrium,1909
Sphyrna mokarran,Chordata,Elasmobranchii,Carcharhiniformes,Sphyrnidae,Sphyrna,1837,Phoreiobothrium manirei,Platyhelminthes,Cestoda,Onchoproteocephalidea,Onchobothriidae,Phoreiobothrium,1996
Squalus acanthias,Chordata,Elasmobranchii,Squaliformes,Squalidae,Squalus,1758,Trilocularia acanthiaevulgaris,Platyhelminthes,Cestoda,Tetraphyllidea,Tetraphyllidea incertae sedis,Trilocularia,1867
Squalus acanthias,Chordata,Elasmobranchii,Squaliformes,Squalidae,Squalus,1758,Trilocularia acanthiaevulgaris,Platyhelminthes,Cestoda,Tetraphyllidea,Tetraphyllidea incertae sedis,Trilocularia,1867
Isurus oxyrinchus,Chordata,Elasmobranchii,Lamniformes,Lamnidae,Isurus,1810,Gymnorhynchus isuri,Platyhelminthes,Cestoda,Trypanorhyncha,Gymnorhynchidae,Gymnorhynchus,1959
Megachasma pelagios,Chordata,Elasmobranchii,Lamniformes,Megachasmidae,Megachasma,1983,Mixodigma leptaleum,Platyhelminthes,Cestoda,Trypanorhyncha,Mixodigmatidae,Mixodigma,1982
Myliobatis californica,Chordata,Elasmobranchii,Myliobatiformes,Myliobatidae,Myliobatis,1865,Acanthobothrium holorhini,Platyhelminthes,Cestoda,Onchoproteocephalidea,Onchobothriidae,Acanthobothrium,1953
Myliobatis californica,Chordata,Elasmobranchii,Myliobatiformes,Myliobatidae,Myliobatis,1865,Acanthobothrium parviuncinatum,Platyhelminthes,Cestoda,Onchoproteocephalidea,Onchobothriidae,Acanthobothrium,1954
Gymnura marmorata,Chordata,Elasmobranchii,Myliobatiformes,Gymnuridae,Gymnura,1864,Acanthobothrium parviuncinatum,Platyhelminthes,Cestoda,Onchoproteocephalidea,Onchobothriidae,Acanthobothrium,1954
Triakis semifasciata,Chordata,Elasmobranchii,Carcharhiniformes,Triakidae,Triakis,1855,Acanthobothrium parvum,Platyhelminthes,Cestoda,Onchoproteocephalidea,Onchobothriidae,Acanthobothrium,1972
Heterodontus francisci,Chordata,Elasmobranchii,Heterodontiformes,Heterodontidae,Heterodontus,1855,Acanthobothrium cestraciontis,Platyhelminthes,Cestoda,Onchoproteocephalidea,Onchobothriidae,Acanthobothrium,1934
Mustelus henlei,Chordata,Elasmobranchii,Carcharhiniformes,Triakidae,Mustelus,1863,Calliobothrium verticillatum,Platyhelminthes,Cestoda,Tetraphyllidea,Calliobothriidae,Calliobothrium,1819
Mustelus californicus,Chordata,Elasmobranchii,Carcharhiniformes,Triakidae,Mustelus,1864,Calliobothrium verticillatum,Platyhelminthes,Cestoda,Tetraphyllidea,Calliobothriidae,Calliobothrium,1819
Mustelus californicus,Chordata,Elasmobranchii,Carcharhiniformes,Triakidae,Mustelus,1864,Orygmatobothrium musteli,Platyhelminthes,Cestoda,Phyllobothriidea,Phyllobothriidae,Orygmatobothrium,1850
Mustelus californicus,Chordata,Elasmobranchii,Carcharhiniformes,Triakidae,Mustelus,1864,Orygmatobothrium musteli,Platyhelminthes,Cestoda,Phyllobothriidea,Phyllobothriidae,Paraorygmatobothrium,1850
Nebrius ferrugineus,Chordata,Elasmobranchii,Orectolobiformes,Ginglymostomatidae,Nebrius,1831,Pedibothrium cabrali,Platyhelminthes,Cestoda,Onchoproteocephalidea,Onchobothriidae,Pedibothrium,2004
Nebrius ferrugineus,Chordata,Elasmobranchii,Orectolobiformes,Ginglymostomatidae,Nebrius,1831,Pedibothrium kistnerae,Platyhelminthes,Cestoda,Onchoproteocephalidea,Onchobothriidae,Pedibothrium,2004
Nebrius ferrugineus,Chordata,Elasmobranchii,Orectolobiformes,Ginglymostomatidae,Nebrius,1831,Pedibothrium lloydae,Platyhelminthes,Cestoda,Onchoproteocephalidea,Onchobothriidae,Pedibothrium,2004
Nebrius ferrugineus,Chordata,Elasmobranchii,Orectolobiformes,Ginglymostomatidae,Nebrius,1831,Pedibothrium mounseyi,Platyhelminthes,Cestoda,Onchoproteocephalidea,Onchobothriidae,Pedibothrium,2004
Nebrius ferrugineus,Chordata,Elasmobranchii,Orectolobiformes,Ginglymostomatidae,Nebrius,1831,Pedibothrium puerobesus,Platyhelminthes,Cestoda,Onchoproteocephalidea,Onchobothriidae,Pedibothrium,2004
Hemiscyllium ocellatum,Chordata,Elasmobranchii,Orectolobiformes,Hemiscylliidae,Hemiscyllium,1788,Anteropora leelongi,Platyhelminthes,Cestoda,Lecanicephalidea,Polypocephalidae,Anteropora,2005
Himantura undulata,Chordata,Elasmobranchii,Myliobatiformes,Dasyatidae,Himantura,1852,Tetragonocephalum passeyi,Platyhelminthes,Cestoda,Lecanicephalidea,Tetragonocephalidae,Tetragonocephalum,2005
Bathyraja richardsoni,Chordata,Elasmobranchii,Rajiformes,Arhynchobatidae,Bathyraja,1961,Onchobothrium magnum,Platyhelminthes,Cestoda,Onchoproteocephalidea,Onchobothriidae,Onchobothrium,1977
Rhinoptera bonasus,Chordata,Elasmobranchii,Myliobatiformes,Myliobatidae,Rhinoptera,1815,Duplicibothrium minutum,Platyhelminthes,Cestoda,Tetraphyllidea,Serendipidae,Duplicibothrium,1978
Rhinoptera bonasus,Chordata,Elasmobranchii,Myliobatiformes,Myliobatidae,Rhinoptera,1815,Glyphobothrium zwerneri,Platyhelminthes,Cestoda,Tetraphyllidea,Serendipidae,Glyphobothrium,1977
Cetorhinus maximus,Chordata,Elasmobranchii,Lamniformes,Cetorhinidae,Cetorhinus,1765,Gastrolecithus planus,Platyhelminthes,Cestoda,Tetraphyllidea,Gastrolecithidae,Gastrolecithus,1922
Malacoraja senta,Chordata,Elasmobranchii,Rajiformes,Rajidae,Malacoraja,1885,Zyxibothrium kamienae,Platyhelminthes,Cestoda,Phyllobothriidea,Phyllobothriidae,Zyxibothrium,1981
Rhynchobatus djiddensis,Chordata,Elasmobranchii,Rhinopristiformes,Rhinobatidae,Rhynchobatus,1775,Prochristianella clarkeae,Platyhelminthes,Cestoda,Trypanorhyncha,Eutetrarhynchidae,Prochristianella,1990
Rhynchobatus djiddensis,Chordata,Elasmobranchii,Rhinopristiformes,Rhinobatidae,Rhynchobatus,1775,Parachristianella baverstocki,Platyhelminthes,Cestoda,Trypanorhyncha,Eutetrarhynchidae,Parachristianella,1990
Himantura undulata,Chordata,Elasmobranchii,Myliobatiformes,Dasyatidae,Himantura,1852,Parachristianella baverstocki,Platyhelminthes,Cestoda,Trypanorhyncha,Eutetrarhynchidae,Parachristianella,1990
Rhynchobatus djiddensis,Chordata,Elasmobranchii,Rhinopristiformes,Rhinobatidae,Rhynchobatus,1775,Proemotobothrium linstowi,Platyhelminthes,Cestoda,Trypanorhyncha,Otobothriidae,Proemotobothrium,1912
Rhina ancylostoma,Chordata,Elasmobranchii,Rhinopristiformes,Rhinobatidae,Rhina,1801,Halysiorhynchus macrocephalus,Platyhelminthes,Cestoda,Trypanorhyncha,Mixodigmatidae,Halysiorhynchus,1906
Himantura draco,Chordata,Elasmobranchii,Myliobatiformes,Dasyatidae,Himantura,1984,Parachristianella monomegacantha,Platyhelminthes,Cestoda,Trypanorhyncha,Eutetrarhynchidae,Parachristianella,1959
Carcharhinus amboinensis,Chordata,Elasmobranchii,Carcharhiniformes,Carcharhinidae,Carcharhinus,1839,Callitetrarhynchus gracilis,Platyhelminthes,Cestoda,Trypanorhyncha,Lacistorhynchidae,Callitetrarhynchus,1819
Mustelus mustelus,Chordata,Elasmobranchii,Carcharhiniformes,Triakidae,Mustelus,1758,Diesingium lomentaceum,Platyhelminthes,Cestoda,Trypanorhyncha,Lacistorhynchidae,Diesingium,1850
Anoxypristis cuspidata,Chordata,Elasmobranchii,Rhinopristiformes,Pristidae,Anoxypristis,1794,Fossobothrium perplexum,Platyhelminthes,Cestoda,Trypanorhyncha,Otobothriidae,Fossobothrium,2005
Carcharhinus leucas,Chordata,Elasmobranchii,Carcharhiniformes,Carcharhinidae,Carcharhinus,1839,Cathetocephalus resendezi,Platyhelminthes,Cestoda,Cathetocephalidea,Cathetocephalidae,Cathetocephalus,2005
Lamiopsis tephrodes,Chordata,Elasmobranchii,Carcharhiniformes,Carcharhinidae,Lamiopsis,1905,Sanguilevator yearsleyi,Platyhelminthes,Cestoda,Cathetocephalidea,Cathetocephalidae,Sanguilevator,2005
Carcharhinus leucas,Chordata,Elasmobranchii,Carcharhiniformes,Carcharhinidae,Carcharhinus,1839,Sanguilevator yearsleyi,Platyhelminthes,Cestoda,Cathetocephalidea,Cathetocephalidae,Sanguilevator,2005
Sphyrna tiburo,Chordata,Elasmobranchii,Carcharhiniformes,Sphyrnidae,Sphyrna,1758,Phoreiobothrium tiburonis,Platyhelminthes,Cestoda,Onchoproteocephalidea,Onchobothriidae,Phoreiobothrium,1982
Carcharhinus plumbeus,Chordata,Elasmobranchii,Carcharhiniformes,Carcharhinidae,Carcharhinus,1827,Phoreiobothrium blissorum,Platyhelminthes,Cestoda,Onchoproteocephalidea,Onchobothriidae,Phoreiobothrium,2005
Carcharhinus plumbeus,Chordata,Elasmobranchii,Carcharhiniformes,Carcharhinidae,Carcharhinus,1827,Phoreiobothrium blissorum,Platyhelminthes,Cestoda,Onchoproteocephalidea,Onchobothriidae,Phoreiobothrium,2005
Sphyrna lewini,Chordata,Elasmobranchii,Carcharhiniformes,Sphyrnidae,Sphyrna,1834,Phoreiobothrium lewinense,Platyhelminthes,Cestoda,Onchoproteocephalidea,Onchobothriidae,Phoreiobothrium,2005
Negaprion acutidens,Chordata,Elasmobranchii,Carcharhiniformes,Carcharhinidae,Negaprion,1837,Phoreiobothrium perilocrocodilus,Platyhelminthes,Cestoda,Onchoproteocephalidea,Onchobothriidae,Phoreiobothrium,2005
Carcharhinus brachyurus,Chordata,Elasmobranchii,Carcharhiniformes,Carcharhinidae,Carcharhinus,1870,Phoreiobothrium robertsoni,Platyhelminthes,Cestoda,Onchoproteocephalidea,Onchobothriidae,Phoreiobothrium,2005
Taeniura lymma,Chordata,Elasmobranchii,Myliobatiformes,Dasyatidae,Taeniura,1775,Aberrapex manjajiae,Platyhelminthes,Cestoda,Lecanicephalidea,Aberrapecidae,Aberrapex,2006
Aetomylaeus maculatus,Chordata,Elasmobranchii,Myliobatiformes,Myliobatidae,Aetomylaeus,1834,Rhoptrobothrium myliobatidis,Platyhelminthes,Cestoda,Tetraphyllidea,Rhoptrobothriidae,Rhoptrobothrium,1906
Myliobatis californica,Chordata,Elasmobranchii,Myliobatiformes,Myliobatidae,Myliobatis,1865,Caulobothrium opisthorchis,Platyhelminthes,Cestoda,Tetraphyllidea,Tetraphyllidea incertae sedis,Caulobothrium,1955
Zanobatus schoenleinii,Chordata,Elasmobranchii,Rhinopristiformes,Rhinobatidae,Zanobatus,1841,Stillabothrium cadenati,Platyhelminthes,Cestoda,Rhinebothriidea,Escherbothriidae,Stillabothrium,1954
Mobula thurstoni,Chordata,Elasmobranchii,Myliobatiformes,Myliobatidae,Mobula,1908,Hemionchos striatus,Platyhelminthes,Cestoda,Trypanorhyncha,Eutetrarhynchidae,Hemionchos,2006
Mobula munkiana,Chordata,Elasmobranchii,Myliobatiformes,Myliobatidae,Mobula,1987,Hemionchos mobulae,Platyhelminthes,Cestoda,Trypanorhyncha,Eutetrarhynchidae,Hemionchos,2006
Mobula japanica,Chordata,Elasmobranchii,Myliobatiformes,Myliobatidae,Mobula,1841,Hemionchos mobulae,Platyhelminthes,Cestoda,Trypanorhyncha,Eutetrarhynchidae,Hemionchos,2006
Lamiopsis tephrodes,Chordata,Elasmobranchii,Carcharhiniformes,Carcharhinidae,Lamiopsis,1905,Otobothrium crenacolle,Platyhelminthes,Cestoda,Trypanorhyncha,Otobothriidae,Otobothrium,1890
Mustelus lenticulatus,Chordata,Elasmobranchii,Carcharhiniformes,Triakidae,Mustelus,1932,Calliobothrium verticillatum,Platyhelminthes,Cestoda,Tetraphyllidea,Calliobothriidae,Calliobothrium,1819
Rhinoptera bonasus,Chordata,Elasmobranchii,Myliobatiformes,Myliobatidae,Rhinoptera,1815,Rhodobothrium paucitesticulare,Platyhelminthes,Cestoda,Rhinebothriidea,Rhinebothriidae,Rhodobothrium,1981
Urobatis jamaicensis,Chordata,Elasmobranchii,Myliobatiformes,Urotrygonidae,Urobatis,1816,Anthocephalum kingae,Platyhelminthes,Cestoda,Rhinebothriidea,Anthocephaliidae,Anthocephalum,1978
Taeniura lymma,Chordata,Elasmobranchii,Myliobatiformes,Dasyatidae,Taeniura,1775,Prochristianella macracantha,Platyhelminthes,Cestoda,Trypanorhyncha,Eutetrarhynchidae,Prochristianella,2004
Sphyrna mokarran,Chordata,Elasmobranchii,Carcharhiniformes,Sphyrnidae,Sphyrna,1837,Otobothrium mugilis,Platyhelminthes,Cestoda,Trypanorhyncha,Otobothriidae,Otobothrium,1954
Lamiopsis tephrodes,Chordata,Elasmobranchii,Carcharhiniformes,Carcharhinidae,Lamiopsis,1905,Pseudotobothrium arii,Platyhelminthes,Cestoda,Trypanorhyncha,Pseudotobothriidae,Pseudotobothrium,1976
Rhinoptera bonasus,Chordata,Elasmobranchii,Myliobatiformes,Myliobatidae,Rhinoptera,1815,Mecistobothrium brevispine,Platyhelminthes,Cestoda,Trypanorhyncha,Eutetrarhynchidae,Mecistobothrium,1897
Etmopterus spinax,Chordata,Elasmobranchii,Squaliformes,Etmopteridae,Etmopterus,1758,Aporhynchus tasmaniensis,Platyhelminthes,Cestoda,Trypanorhyncha,Aporhynchidae,Aporhynchus,1990
Caranx hippos,Chordata,Actinopteri,Carangiformes,Carangidae,Caranx,1766,Dasyrhynchus giganteus,Platyhelminthes,Cestoda,Trypanorhyncha,Lacistorhynchidae,Dasyrhynchus,1850
Carcharhinus isodon,Chordata,Elasmobranchii,Carcharhiniformes,Carcharhinidae,Carcharhinus,1839,Triloculatum geeceearelensis,Platyhelminthes,Cestoda,Onchoproteocephalidea,Onchobothriidae,Triloculatum,2009
Carcharhinus acronotus,Chordata,Elasmobranchii,Carcharhiniformes,Carcharhinidae,Carcharhinus,1860,Triloculatum jodyi,Platyhelminthes,Cestoda,Onchoproteocephalidea,Onchobothriidae,Triloculatum,2009
Carcharhinus plumbeus,Chordata,Elasmobranchii,Carcharhiniformes,Carcharhinidae,Carcharhinus,1827,Triloculatum oregontwoae,Platyhelminthes,Cestoda,Onchoproteocephalidea,Onchobothriidae,Triloculatum,2009
Carcharhinus plumbeus,Chordata,Elasmobranchii,Carcharhiniformes,Carcharhinidae,Carcharhinus,1827,Triloculatum oregontwoae,Platyhelminthes,Cestoda,Onchoproteocephalidea,Onchobothriidae,Triloculatum,2009
Negaprion acutidens,Chordata,Elasmobranchii,Carcharhiniformes,Carcharhinidae,Negaprion,1837,Triloculatum andersonorum,Platyhelminthes,Cestoda,Onchoproteocephalidea,Onchobothriidae,Triloculatum,2009
Carcharhinus brevipinna,Chordata,Elasmobranchii,Carcharhiniformes,Carcharhinidae,Carcharhinus,1839,Triloculatum bullardi,Platyhelminthes,Cestoda,Onchoproteocephalidea,Onchobothriidae,Triloculatum,2009
Myliobatis californica,Chordata,Elasmobranchii,Myliobatiformes,Myliobatidae,Myliobatis,1865,Acanthobothrium microcephalum,Platyhelminthes,Cestoda,Onchoproteocephalidea,Onchobothriidae,Acanthobothrium,1953
Zapteryx exasperata,Chordata,Elasmobranchii,Rhinopristiformes,Rhinobatidae,Zapteryx,1880,Acanthobothrium rhinobati,Platyhelminthes,Cestoda,Onchoproteocephalidea,Onchobothriidae,Acanthobothrium,1953
Myliobatis californica,Chordata,Elasmobranchii,Myliobatiformes,Myliobatidae,Myliobatis,1865,Acanthobothrium robustum,Platyhelminthes,Cestoda,Onchoproteocephalidea,Onchobothriidae,Acanthobothrium,1953
Heterodontus francisci,Chordata,Elasmobranchii,Heterodontiformes,Heterodontidae,Heterodontus,1855,Acanthobothrium holorhini,Platyhelminthes,Cestoda,Onchoproteocephalidea,Onchobothriidae,Acanthobothrium,1953
Dentiraja lemprieri,Chordata,Elasmobranchii,Rajiformes,Rajidae,Dentiraja,1845,Acanthobothrium wedli,Platyhelminthes,Cestoda,Onchoproteocephalidea,Onchobothriidae,Acanthobothrium,1959
Squalus acanthias,Chordata,Elasmobranchii,Squaliformes,Squalidae,Squalus,1758,Calliobothrium verticillatum,Platyhelminthes,Cestoda,Tetraphyllidea,Calliobothriidae,Calliobothrium,1819
Squalus acanthias,Chordata,Elasmobranchii,Squaliformes,Squalidae,Squalus,1758,Calliobothrium verticillatum,Platyhelminthes,Cestoda,Tetraphyllidea,Calliobothriidae,Calliobothrium,1819
Mustelus lenticulatus,Chordata,Elasmobranchii,Carcharhiniformes,Triakidae,Mustelus,1932,Calliobothrium tylotocephalum,Platyhelminthes,Cestoda,Tetraphyllidea,Calliobothriidae,Calliobothrium,1963
Carcharhinus limbatus,Chordata,Elasmobranchii,Carcharhiniformes,Carcharhinidae,Carcharhinus,1839,Phoreiobothrium lasium,Platyhelminthes,Cestoda,Onchoproteocephalidea,Onchobothriidae,Phoreiobothrium,1889
Carcharhinus longimanus,Chordata,Elasmobranchii,Carcharhiniformes,Carcharhinidae,Carcharhinus,1861,Phoreiobothrium lasium,Platyhelminthes,Cestoda,Onchoproteocephalidea,Onchobothriidae,Phoreiobothrium,1889
Rhizoprionodon longurio,Chordata,Elasmobranchii,Carcharhiniformes,Carcharhinidae,Rhizoprionodon,1882,Scyphophyllidium giganteum,Platyhelminthes,Cestoda,Phyllobothriidea,Phyllobothriidae,Scyphophyllidium,1858
Zearaja nasuta,Chordata,Elasmobranchii,Rajiformes,Rajidae,Zearaja,1841,Clydonobothrium leioformum,Platyhelminthes,Cestoda,Rhinebothriidea,Echeneibothriidae,Clydonobothrium,1963
Zearaja nasuta,Chordata,Elasmobranchii,Rajiformes,Rajidae,Dipturus,1841,Clydonobothrium leioformum,Platyhelminthes,Cestoda,Rhinebothriidea,Echeneibothriidae,Clydonobothrium,1963
Zearaja nasuta,Chordata,Elasmobranchii,Rajiformes,Rajidae,Zearaja,1841,Phormobothrium affine,Platyhelminthes,Cestoda,Phyllobothriidea,Phyllobothriidae,Phormobothrium,1867
Zearaja nasuta,Chordata,Elasmobranchii,Rajiformes,Rajidae,Dipturus,1841,Phormobothrium affine,Platyhelminthes,Cestoda,Phyllobothriidea,Phyllobothriidae,Phormobothrium,1867
Squalus acanthias,Chordata,Elasmobranchii,Squaliformes,Squalidae,Squalus,1758,Hepatoxylon trichiuri,Platyhelminthes,Cestoda,Trypanorhyncha,Sphyriocephalidae,Hepatoxylon,1802
Squalus acanthias,Chordata,Elasmobranchii,Squaliformes,Squalidae,Squalus,1758,Hepatoxylon trichiuri,Platyhelminthes,Cestoda,Trypanorhyncha,Sphyriocephalidae,Hepatoxylon,1802
Squalus acanthias,Chordata,Elasmobranchii,Squaliformes,Squalidae,Squalus,1758,Gilquinia squali,Platyhelminthes,Cestoda,Trypanorhyncha,Gilquiniidae,Gilquinia,1794
Squalus acanthias,Chordata,Elasmobranchii,Squaliformes,Squalidae,Squalus,1758,Gilquinia squali,Platyhelminthes,Cestoda,Trypanorhyncha,Gilquiniidae,Gilquinia,1794
Mobula hypostoma,Chordata,Elasmobranchii,Myliobatiformes,Myliobatidae,Mobula,1831,Rhabdotobothrium anterophallum,Platyhelminthes,Cestoda,Rhinebothriidea,Rhinebothriidae,Rhabdotobothrium,1975
Rhinoptera bonasus,Chordata,Elasmobranchii,Myliobatiformes,Myliobatidae,Rhinoptera,1815,Dioecotaenia campbelli,Platyhelminthes,Cestoda,Tetraphyllidea,Dioecotaeniidae,Dioecotaenia,1981
Donax variabilis,Mollusca,Bivalvia,Cardiida,Donacidae,Donax,1822,Rhodobothrium paucitesticulare,Platyhelminthes,Cestoda,Rhinebothriidea,Rhinebothriidae,Rhodobothrium,1981
Donax variabilis,Mollusca,Bivalvia,Cardiida,Donacidae,Donax,1822,Duplicibothrium minutum,Platyhelminthes,Cestoda,Tetraphyllidea,Serendipidae,Duplicibothrium,1978
Etmopterus pusillus,Chordata,Elasmobranchii,Squaliformes,Etmopteridae,Etmopterus,1839,Aporhynchus pickeringae,Platyhelminthes,Cestoda,Trypanorhyncha,Aporhynchidae,Aporhynchus,2010
Etmopterus spinax,Chordata,Elasmobranchii,Squaliformes,Etmopteridae,Etmopterus,1758,Aporhynchus menezesi,Platyhelminthes,Cestoda,Trypanorhyncha,Aporhynchidae,Aporhynchus,2010
Galeus sauteri,Chordata,Elasmobranchii,Carcharhiniformes,Pentanchidae,Galeus,1909,Nakayacestus tanyderus,Platyhelminthes,Cestoda,Trypanorhyncha,Aporhynchidae,Nakayacestus,2010
Apristurus macrostomus,Chordata,Elasmobranchii,Carcharhiniformes,Pentanchidae,Apristurus,1985,Nakayacestus takahashii,Platyhelminthes,Cestoda,Trypanorhyncha,Aporhynchidae,Nakayacestus,2010
Galeocerdo cuvier,Chordata,Elasmobranchii,Carcharhiniformes,Carcharhinidae,Galeocerdo,1822,Thysanocephalum thysanocephalum,Platyhelminthes,Cestoda,Phyllobothriidea,Phyllobothriidae,Thysanocephalum,1889
Carcharodon carcharias,Chordata,Elasmobranchii,Lamniformes,Lamnidae,Carcharodon,1758,Clistobothrium tumidum,Platyhelminthes,Cestoda,Phyllobothriidea,Phyllobothriidae,Clistobothrium,1922
Galeorhinus galeus,Chordata,Elasmobranchii,Carcharhiniformes,Triakidae,Galeorhinus,1758,Scyphophyllidium giganteum,Platyhelminthes,Cestoda,Phyllobothriidea,Phyllobothriidae,Scyphophyllidium,1858
Galeorhinus galeus,Chordata,Elasmobranchii,Carcharhiniformes,Triakidae,Galeorhinus,1758,Scyphophyllidium giganteum,Platyhelminthes,Cestoda,Phyllobothriidea,Phyllobothriidae,Scyphophyllidium,1858
Orectolobus japonicus,Chordata,Elasmobranchii,Orectolobiformes,Orectolobidae,Orectolobus,1906,Acanthobothrium margieae,Platyhelminthes,Cestoda,Onchoproteocephalidea,Onchobothriidae,Acanthobothrium,2011
Gymnura zonura,Chordata,Elasmobranchii,Myliobatiformes,Gymnuridae,Gymnura,1852,Hexacanalis folifer,Platyhelminthes,Cestoda,Lecanicephalidea,Lecanicephalidae,Hexacanalis,2011
Cruriraja hulleyi,Chordata,Elasmobranchii,Rajiformes,Crurirajidae,Cruriraja,2010,Echinobothrium joshuai,Platyhelminthes,Cestoda,Diphyllidea,Echinobothriidae,Echinobothrium,2011
Rhynchobatus laevis,Chordata,Elasmobranchii,Rhinopristiformes,Rhinobatidae,Rhynchobatus,1801,Acanthobothrium jeanneae,Platyhelminthes,Cestoda,Onchoproteocephalidea,Onchobothriidae,Acanthobothrium,2010
Rhynchobatus laevis,Chordata,Elasmobranchii,Rhinopristiformes,Rhinobatidae,Rhynchobatus,1801,Acanthobothrium bobconniorum,Platyhelminthes,Cestoda,Onchoproteocephalidea,Onchobothriidae,Acanthobothrium,2010
Rhynchobatus laevis,Chordata,Elasmobranchii,Rhinopristiformes,Rhinobatidae,Rhynchobatus,1801,Acanthobothrium hypermekkolpos,Platyhelminthes,Cestoda,Onchoproteocephalidea,Onchobothriidae,Acanthobothrium,2010
Rhizoprionodon acutus,Chordata,Elasmobranchii,Carcharhiniformes,Carcharhinidae,Rhizoprionodon,1837,Otobothrium carcharidis,Platyhelminthes,Cestoda,Trypanorhyncha,Otobothriidae,Otobothrium,1906
Carcharhinus sorrah,Chordata,Elasmobranchii,Carcharhiniformes,Carcharhinidae,Carcharhinus,1839,Otobothrium carcharidis,Platyhelminthes,Cestoda,Trypanorhyncha,Otobothriidae,Otobothrium,1906
Paragaleus tengi,Chordata,Elasmobranchii,Carcharhiniformes,Hemigaleidae,Paragaleus,1963,Ancipirhynchus afossalis,Platyhelminthes,Cestoda,Trypanorhyncha,Otobothriidae,Ancipirhynchus,2011
Aetomylaeus vespertilio,Chordata,Elasmobranchii,Myliobatiformes,Myliobatidae,Aetomylaeus,1852,Aberrapex weipaensis,Platyhelminthes,Cestoda,Lecanicephalidea,Aberrapecidae,Aberrapex,2012
Aetomylaeus vespertilio,Chordata,Elasmobranchii,Myliobatiformes,Myliobatidae,Aetomylaeus,1852,Rexapex nanus,Platyhelminthes,Cestoda,Lecanicephalidea,Lecanicephalidae,Rexapex,2012
Aetomylaeus vespertilio,Chordata,Elasmobranchii,Myliobatiformes,Myliobatidae,Aetomylaeus,1852,Collicocephalus baggioi,Platyhelminthes,Cestoda,Lecanicephalidea,Lecanicephalidae,Collicocephalus,2012
Aetomylaeus maculatus,Chordata,Elasmobranchii,Myliobatiformes,Myliobatidae,Aetomylaeus,1834,Elicilacunosus sarawakensis,Platyhelminthes,Cestoda,Lecanicephalidea,Lecanicephalidae,Elicilacunosus,2012
Glaucostegus thouin,Chordata,Elasmobranchii,Rhinopristiformes,Glaucostegidae,Glaucostegus,1798,Echinobothrium sematanense,Platyhelminthes,Cestoda,Diphyllidea,Echinobothriidae,Echinobothrium,2012
Mobula kuhlii,Chordata,Elasmobranchii,Myliobatiformes,Myliobatidae,Mobula,1841,Crassuseptum pietrafacei,Platyhelminthes,Cestoda,Rhinebothriidea,Rhinebothriidae,Crassuseptum,2012
Taeniura lymma,Chordata,Elasmobranchii,Myliobatiformes,Dasyatidae,Taeniura,1775,Prochristianella scholzi,Platyhelminthes,Cestoda,Trypanorhyncha,Eutetrarhynchidae,Prochristianella,2012
Pastinachus solocirostris,Chordata,Elasmobranchii,Myliobatiformes,Dasyatidae,Pastinachus,2005,Prochristianella jensenae,Platyhelminthes,Cestoda,Trypanorhyncha,Eutetrarhynchidae,Prochristianella,2012
Scyliorhinus besnardi,Chordata,Elasmobranchii,Carcharhiniformes,Scyliorhinidae,Scyliorhinus,1970,Ahamulina catarina,Platyhelminthes,Cestoda,Diphyllidea,Echinobothriidae,Ahamulina,2012
Lamiopsis tephrodes,Chordata,Elasmobranchii,Carcharhiniformes,Carcharhinidae,Lamiopsis,1905,Otobothrium mugilis,Platyhelminthes,Cestoda,Trypanorhyncha,Otobothriidae,Otobothrium,1954
Carcharhinus amblyrhynchoides,Chordata,Elasmobranchii,Carcharhiniformes,Carcharhinidae,Carcharhinus,1934,Parotobothrium balli,Platyhelminthes,Cestoda,Trypanorhyncha,Pseudotobothriidae,Parotobothrium,1929
Anoxypristis cuspidata,Chordata,Elasmobranchii,Rhinopristiformes,Pristidae,Anoxypristis,1794,Pristiorhynchus palmi,Platyhelminthes,Cestoda,Trypanorhyncha,Otobothriidae,Pristiorhynchus,2013
Deania calcea,Chordata,Elasmobranchii,Squaliformes,Centrophoridae,Deania,1839,Deanicola protentus,Platyhelminthes,Cestoda,Trypanorhyncha,Gilquiniidae,Deanicola,1990
Rhina ancylostoma,Chordata,Elasmobranchii,Rhinopristiformes,Rhinobatidae,Rhina,1801,Stoibocephalum arafurense,Platyhelminthes,Cestoda,Lecanicephalidea,Lecanicephalidae,Stoibocephalum,2013
Negaprion acutidens,Chordata,Elasmobranchii,Carcharhiniformes,Carcharhinidae,Negaprion,1837,Alexandercestus gibsoni,Platyhelminthes,Cestoda,Phyllobothriidea,Phyllobothriidae,Alexandercestus,2013
Negaprion brevirostris,Chordata,Elasmobranchii,Carcharhiniformes,Carcharhinidae,Negaprion,1868,Alexandercestus manteri,Platyhelminthes,Cestoda,Phyllobothriidea,Phyllobothriidae,Alexandercestus,2013
Rhinobatos rhinobatos,Chordata,Elasmobranchii,Rhinopristiformes,Rhinobatidae,Rhinobatos,1758,Echinobothrium euterpes,Platyhelminthes,Cestoda,Diphyllidea,Echinobothriidae,Echinobothrium,2001
Myliobatis californica,Chordata,Elasmobranchii,Myliobatiformes,Myliobatidae,Myliobatis,1865,Halysioncum mexicanum,Platyhelminthes,Cestoda,Diphyllidea,Echinobothriidae,Echinobothrium,1999
Myliobatis californica,Chordata,Elasmobranchii,Myliobatiformes,Myliobatidae,Myliobatis,1865,Halysioncum mexicanum,Platyhelminthes,Cestoda,Diphyllidea,Echinobothriidae,Halysioncum,1999
Pastinachus solocirostris,Chordata,Elasmobranchii,Myliobatiformes,Dasyatidae,Pastinachus,2005,Halysioncum nataliae,Platyhelminthes,Cestoda,Diphyllidea,Echinobothriidae,Halysioncum,2010
Aetomylaeus maculatus,Chordata,Elasmobranchii,Myliobatiformes,Myliobatidae,Aetomylaeus,1834,Halysioncum gibsoni,Platyhelminthes,Cestoda,Diphyllidea,Echinobothriidae,Halysioncum,2013
Deania calcea,Chordata,Elasmobranchii,Squaliformes,Centrophoridae,Deania,1839,Deanicola minor,Platyhelminthes,Cestoda,Trypanorhyncha,Gilquiniidae,Deanicola,1990
Pastinachus solocirostris,Chordata,Elasmobranchii,Myliobatiformes,Dasyatidae,Pastinachus,2005,Dollfusiella hemispinosa,Platyhelminthes,Cestoda,Trypanorhyncha,Eutetrarhynchidae,Dollfusiella,2013
Glaucostegus thouin,Chordata,Elasmobranchii,Rhinopristiformes,Glaucostegidae,Glaucostegus,1798,Dollfusiella michiae,Platyhelminthes,Cestoda,Trypanorhyncha,Eutetrarhynchidae,Dollfusiella,1929
Himantura undulata,Chordata,Elasmobranchii,Myliobatiformes,Dasyatidae,Himantura,1852,Dollfusiella michiae,Platyhelminthes,Cestoda,Trypanorhyncha,Eutetrarhynchidae,Dollfusiella,1929
Himantura leoparda,Chordata,Elasmobranchii,Myliobatiformes,Dasyatidae,Himantura,2008,Tetragonocephalum passeyi,Platyhelminthes,Cestoda,Lecanicephalidea,Tetragonocephalidae,Tetragonocephalum,2005
Carcharhinus leucas,Chordata,Elasmobranchii,Carcharhiniformes,Carcharhinidae,Carcharhinus,1839,Cathetocephalus thatcheri,Platyhelminthes,Cestoda,Cathetocephalidea,Cathetocephalidae,Cathetocephalus,1973
Urobatis maculatus,Chordata,Elasmobranchii,Myliobatiformes,Urotrygonidae,Urobatis,1913,Acanthobothrium parviuncinatum,Platyhelminthes,Cestoda,Onchoproteocephalidea,Onchobothriidae,Acanthobothrium,1954
Mustelus canis,Chordata,Elasmobranchii,Carcharhiniformes,Triakidae,Mustelus,1815,Calliobothrium cisloi,Platyhelminthes,Cestoda,Tetraphyllidea,Calliobothriidae,Calliobothrium,2017
Alopias pelagicus,Chordata,Elasmobranchii,Lamniformes,Alopiidae,Alopias,1935,Litobothrium aenigmaticum,Platyhelminthes,Cestoda,Litobothriidea,Litobothriidae,Litobothrium,2014
Alopias superciliosus,Chordata,Elasmobranchii,Lamniformes,Alopiidae,Alopias,1841,Litobothrium alopias,Platyhelminthes,Cestoda,Litobothriidea,Litobothriidae,Litobothrium,1969
Leucoraja wallacei,Chordata,Elasmobranchii,Rajiformes,Rajidae,Leucoraja,1970,Andocadoncum meganae,Platyhelminthes,Cestoda,Diphyllidea,Echinobothriidae,Andocadoncum,2014
Leucoraja wallacei,Chordata,Elasmobranchii,Rajiformes,Rajidae,Leucoraja,1970,Echinobothrium marquesi,Platyhelminthes,Cestoda,Diphyllidea,Echinobothriidae,Echinobothrium,2014
Aetobatus ocellatus,Chordata,Elasmobranchii,Myliobatiformes,Myliobatidae,Aetobatus,1823,Hornellobothrium iotakotta,Platyhelminthes,Cestoda,Lecanicephalidea,Polypocephalidae,Hornellobothrium,2014
Aetobatus ocellatus,Chordata,Elasmobranchii,Myliobatiformes,Myliobatidae,Aetobatus,1823,Hornellobothrium kolossakotta,Platyhelminthes,Cestoda,Lecanicephalidea,Polypocephalidae,Hornellobothrium,2014
Aetobatus ocellatus,Chordata,Elasmobranchii,Myliobatiformes,Myliobatidae,Aetobatus,1823,Hornellobothrium najaforme,Platyhelminthes,Cestoda,Lecanicephalidea,Polypocephalidae,Hornellobothrium,2014
Pristis clavata,Chordata,Elasmobranchii,Rhinopristiformes,Pristidae,Pristis,1906,Floriparicapitus euzeti,Platyhelminthes,Cestoda,Lecanicephalidea,Lecanicephalidae,Floriparicapitus,2014
Glaucostegus typus,Chordata,Elasmobranchii,Rhinopristiformes,Glaucostegidae,Glaucostegus,1830,Floriparicapitus plicatilis,Platyhelminthes,Cestoda,Lecanicephalidea,Lecanicephalidae,Floriparicapitus,2014
Glaucostegus thouin,Chordata,Elasmobranchii,Rhinopristiformes,Glaucostegidae,Glaucostegus,1798,Floriparicapitus plicatilis,Platyhelminthes,Cestoda,Lecanicephalidea,Lecanicephalidae,Floriparicapitus,2014
Pristis pristis,Chordata,Elasmobranchii,Rhinopristiformes,Pristidae,Pristis,1758,Floriparicapitus juliani,Platyhelminthes,Cestoda,Lecanicephalidea,Lecanicephalidae,Floriparicapitus,2014
Zanobatus schoenleinii,Chordata,Elasmobranchii,Rhinopristiformes,Rhinobatidae,Zanobatus,1841,Zanobatocestus major,Platyhelminthes,Cestoda,Lecanicephalidea,Zanobatocestidae,Zanobatocestus,2014
Zanobatus schoenleinii,Chordata,Elasmobranchii,Rhinopristiformes,Rhinobatidae,Zanobatus,1841,Zanobatocestus minor,Platyhelminthes,Cestoda,Lecanicephalidea,Zanobatocestidae,Zanobatocestus,2014
Himantura leoparda,Chordata,Elasmobranchii,Myliobatiformes,Dasyatidae,Himantura,2008,Anthocephalum meadowsi,Platyhelminthes,Cestoda,Rhinebothriidea,Anthocephaliidae,Anthocephalum,2015
Mustelus palumbes,Chordata,Elasmobranchii,Carcharhiniformes,Triakidae,Mustelus,1957,Symcallio peteri,Platyhelminthes,Cestoda,Tetraphyllidea,Calliobothriidae,Symcallio,2015
Mustelus schmitti,Chordata,Elasmobranchii,Carcharhiniformes,Triakidae,Mustelus,1939,Symcallio barbarae,Platyhelminthes,Cestoda,Tetraphyllidea,Calliobothriidae,Symcallio,2002
Mustelus henlei,Chordata,Elasmobranchii,Carcharhiniformes,Triakidae,Mustelus,1863,Symcallio riseri,Platyhelminthes,Cestoda,Tetraphyllidea,Calliobothriidae,Calliobothrium,1997
Mustelus henlei,Chordata,Elasmobranchii,Carcharhiniformes,Triakidae,Mustelus,1863,Symcallio riseri,Platyhelminthes,Cestoda,Tetraphyllidea,Calliobothriidae,Symcallio,1997
Mustelus palumbes,Chordata,Elasmobranchii,Carcharhiniformes,Triakidae,Mustelus,1957,Calliobothrium euzeti,Platyhelminthes,Cestoda,Tetraphyllidea,Calliobothriidae,Calliobothrium,2015
Mustelus schmitti,Chordata,Elasmobranchii,Carcharhiniformes,Triakidae,Mustelus,1939,Calliobothrium australis,Platyhelminthes,Cestoda,Tetraphyllidea,Calliobothriidae,Calliobothrium,1973
Somniosus microcephalus,Chordata,Elasmobranchii,Squaliformes,Somniosidae,Somniosus,1801,Monorygma magnum,Platyhelminthes,Cestoda,Phyllobothriidea,Phyllobothriidae,Monorygma,1936
Pseudocarcharias kamoharai,Chordata,Elasmobranchii,Lamniformes,Pseudocarchariidae,Pseudocarcharias,1936,Clistobothrium gabywalterorum,Platyhelminthes,Cestoda,Phyllobothriidea,Phyllobothriidae,Clistobothrium,2020
Squalus acanthias,Chordata,Elasmobranchii,Squaliformes,Squalidae,Squalus,1758,Phyllobothrium squali,Platyhelminthes,Cestoda,Phyllobothriidea,Phyllobothriidae,Phyllobothrium,1952
Squalus acanthias,Chordata,Elasmobranchii,Squaliformes,Squalidae,Squalus,1758,Phyllobothrium squali,Platyhelminthes,Cestoda,Phyllobothriidea,Phyllobothriidae,Phyllobothrium,1952
Urobatis tumbesensis,Chordata,Elasmobranchii,Myliobatiformes,Urotrygonidae,Urobatis,1979,Anthocephalum hobergi,Platyhelminthes,Cestoda,Rhinebothriidea,Anthocephaliidae,Anthocephalum,1999
Rhina ancylostoma,Chordata,Elasmobranchii,Rhinopristiformes,Rhinobatidae,Rhina,1801,Stoibocephalum campanulatum,Platyhelminthes,Cestoda,Lecanicephalidea,Lecanicephalidae,Stoibocephalum,1987
Aetobatus ocellatus,Chordata,Elasmobranchii,Myliobatiformes,Myliobatidae,Aetobatus,1823,Cephalobothrium aetobatidis,Platyhelminthes,Cestoda,Lecanicephalidea,Cephalobothriidae,Cephalobothrium,1906
Mustelus asterias,Chordata,Elasmobranchii,Carcharhiniformes,Triakidae,Mustelus,1819,Symcallio leuckarti,Platyhelminthes,Cestoda,Tetraphyllidea,Calliobothriidae,Symcallio,1850
Alopias pelagicus,Chordata,Elasmobranchii,Lamniformes,Alopiidae,Alopias,1935,Heterosphyriocephalus encarnae,Platyhelminthes,Cestoda,Trypanorhyncha,Sphyriocephalidae,Heterosphyriocephalus,2017
Rhinobatos rhinobatos,Chordata,Elasmobranchii,Rhinopristiformes,Rhinobatidae,Rhinobatos,1758,Stillabothrium cadenati,Platyhelminthes,Cestoda,Rhinebothriidea,Escherbothriidae,Stillabothrium,1954
Pastinachus solocirostris,Chordata,Elasmobranchii,Myliobatiformes,Dasyatidae,Pastinachus,2005,Stillabothrium hyphantoseptum,Platyhelminthes,Cestoda,Rhinebothriidea,Escherbothriidae,Stillabothrium,2016
Neotrygon orientale,Chordata,Elasmobranchii,Myliobatiformes,Dasyatidae,Neotrygon,2016,Barbeaucestus jockuschae,Platyhelminthes,Cestoda,Rhinebothriidea,Anthocephaliidae,Barbeaucestus,2017
Urogymnus granulatus,Chordata,Elasmobranchii,Myliobatiformes,Dasyatidae,Himantura,1883,Corollapex cairae,Platyhelminthes,Cestoda,Lecanicephalidea,Polypocephalidae,Corollapex,2017
Urogymnus granulatus,Chordata,Elasmobranchii,Myliobatiformes,Dasyatidae,Urogymnus,1883,Corollapex cairae,Platyhelminthes,Cestoda,Lecanicephalidea,Polypocephalidae,Corollapex,2017
Urogymnus granulatus,Chordata,Elasmobranchii,Myliobatiformes,Dasyatidae,Himantura,1883,Corollapex tingoi,Platyhelminthes,Cestoda,Lecanicephalidea,Polypocephalidae,Corollapex,2017
Urogymnus granulatus,Chordata,Elasmobranchii,Myliobatiformes,Dasyatidae,Urogymnus,1883,Corollapex tingoi,Platyhelminthes,Cestoda,Lecanicephalidea,Polypocephalidae,Corollapex,2017
Myliobatis goodei,Chordata,Elasmobranchii,Myliobatiformes,Myliobatidae,Myliobatis,1885,Aberrapex ludmilae,Platyhelminthes,Cestoda,Lecanicephalidea,Aberrapecidae,Aberrapex,2017
Myliobatis ridens,Chordata,Elasmobranchii,Myliobatiformes,Myliobatidae,Myliobatis,2012,Aberrapex vitalemuttiorum,Platyhelminthes,Cestoda,Lecanicephalidea,Aberrapecidae,Aberrapex,2017
Myliobatis goodei,Chordata,Elasmobranchii,Myliobatiformes,Myliobatidae,Myliobatis,1885,Aberrapex sanmartini,Platyhelminthes,Cestoda,Lecanicephalidea,Aberrapecidae,Aberrapex,2017
Styracura schmardae,Chordata,Elasmobranchii,Myliobatiformes,Dasyatidae,Himantura,1904,Hispidorhynchus styracurae,Platyhelminthes,Cestoda,Trypanorhyncha,Eutetrarhynchidae,Hispidorhynchus,2018
Styracura schmardae,Chordata,Elasmobranchii,Myliobatiformes,Potamotrygonidae,Styracura,1904,Hispidorhynchus styracurae,Platyhelminthes,Cestoda,Trypanorhyncha,Eutetrarhynchidae,Hispidorhynchus,2018
Triakis semifasciata,Chordata,Elasmobranchii,Carcharhiniformes,Triakidae,Triakis,1855,Phyllobothrium riseri,Platyhelminthes,Cestoda,Phyllobothriidea,Phyllobothriidae,Phyllobothrium,1996
Styracura schmardae,Chordata,Elasmobranchii,Myliobatiformes,Dasyatidae,Himantura,1904,Rhinebothrium tetralobatum,Platyhelminthes,Cestoda,Rhinebothriidea,Rhinebothriidae,Rhinebothrium,1977
Styracura schmardae,Chordata,Elasmobranchii,Myliobatiformes,Potamotrygonidae,Styracura,1904,Rhinebothrium tetralobatum,Platyhelminthes,Cestoda,Rhinebothriidea,Rhinebothriidae,Rhinebothrium,1977
Styracura schmardae,Chordata,Elasmobranchii,Myliobatiformes,Dasyatidae,Himantura,1904,Anindobothrium inexpectatum,Platyhelminthes,Cestoda,Rhinebothriidea,Anindobothriidae,Anindobothrium,2017
Styracura schmardae,Chordata,Elasmobranchii,Myliobatiformes,Potamotrygonidae,Styracura,1904,Anindobothrium inexpectatum,Platyhelminthes,Cestoda,Rhinebothriidea,Anindobothriidae,Anindobothrium,2017
Styracura pacifica,Chordata,Elasmobranchii,Myliobatiformes,Potamotrygonidae,Styracura,1941,Anindobothrium carrioni,Platyhelminthes,Cestoda,Rhinebothriidea,Anindobothriidae,Anindobothrium,2017
Styracura schmardae,Chordata,Elasmobranchii,Myliobatiformes,Dasyatidae,Himantura,1904,Anindobothrium anacolum,Platyhelminthes,Cestoda,Rhinebothriidea,Anindobothriidae,Anindobothrium,1977
Styracura schmardae,Chordata,Elasmobranchii,Myliobatiformes,Potamotrygonidae,Styracura,1904,Anindobothrium anacolum,Platyhelminthes,Cestoda,Rhinebothriidea,Anindobothriidae,Anindobothrium,1977
Pseudocarcharias kamoharai,Chordata,Elasmobranchii,Lamniformes,Pseudocarchariidae,Pseudocarcharias,1936,Scyphophyllidium timvickiorum,Platyhelminthes,Cestoda,Phyllobothriidea,Phyllobothriidae,Scyphophyllidium,2020
Pristis clavata,Chordata,Elasmobranchii,Rhinopristiformes,Pristidae,Pristis,1906,Matticestus anneae,Platyhelminthes,Cestoda,Onchoproteocephalidea,NA,Matticestus,2018
Pristis clavata,Chordata,Elasmobranchii,Rhinopristiformes,Pristidae,Pristis,1906,Matticestus kathleenae,Platyhelminthes,Cestoda,Onchoproteocephalidea,NA,Matticestus,2018
Urogymnus polylepis,Chordata,Elasmobranchii,Myliobatiformes,Dasyatidae,Urogymnus,1852,Acanthobothrium masnihae,Platyhelminthes,Cestoda,Onchoproteocephalidea,Onchobothriidae,Acanthobothrium,2006
Styracura schmardae,Chordata,Elasmobranchii,Myliobatiformes,Dasyatidae,Himantura,1904,Acanthobothroides thorsoni,Platyhelminthes,Cestoda,Onchoproteocephalidea,Onchobothriidae,Acanthobothroides,1977
Styracura schmardae,Chordata,Elasmobranchii,Myliobatiformes,Potamotrygonidae,Styracura,1904,Acanthobothroides thorsoni,Platyhelminthes,Cestoda,Onchoproteocephalidea,Onchobothriidae,Acanthobothroides,1977
Aetobatus narinari,Chordata,Elasmobranchii,Myliobatiformes,Myliobatidae,Aetobatus,1790,Acanthobothrium tortum,Platyhelminthes,Cestoda,Onchoproteocephalidea,Onchobothriidae,Acanthobothrium,1916
Discopyge tschudii,Chordata,Elasmobranchii,Torpediniformes,Narcinidae,Discopyge,1846,Acanthobothrium stefaniae,Platyhelminthes,Cestoda,Onchoproteocephalidea,Onchobothriidae,Acanthobothrium,2018
Amblyraja radiata,Chordata,Elasmobranchii,Rajiformes,Rajidae,Amblyraja,1808,Echeneibothrium abyssorum,Platyhelminthes,Cestoda,Rhinebothriidea,Echeneibothriidae,Echeneibothrium,1977
Amblyraja radiata,Chordata,Elasmobranchii,Rajiformes,Rajidae,Amblyraja,1808,Echeneibothrium canadensis,Platyhelminthes,Cestoda,Rhinebothriidea,Echeneibothriidae,Echeneibothrium,1996
Leucoraja ocellata,Chordata,Elasmobranchii,Rajiformes,Rajidae,Leucoraja,1815,Echeneibothrium vernetae,Platyhelminthes,Cestoda,Rhinebothriidea,Echeneibothriidae,Echeneibothrium,1956
Leucoraja ocellata,Chordata,Elasmobranchii,Rajiformes,Rajidae,Leucoraja,1815,Pseudanthobothrium purtoni,Platyhelminthes,Cestoda,Rhinebothriidea,Echeneibothriidae,Pseudanthobothrium,2008
Raja clavata,Chordata,Elasmobranchii,Rajiformes,Rajidae,Raja,1758,Echeneibothrium beauchampi,Platyhelminthes,Cestoda,Rhinebothriidea,Echeneibothriidae,Echeneibothrium,1959
Amblyraja radiata,Chordata,Elasmobranchii,Rajiformes,Rajidae,Amblyraja,1808,Pseudanthobothrium hanseni,Platyhelminthes,Cestoda,Rhinebothriidea,Echeneibothriidae,Pseudanthobothrium,1956
Neotrygon australiae,Chordata,Elasmobranchii,Myliobatiformes,Dasyatidae,Neotrygon,2016,Anthocephalum healyae,Platyhelminthes,Cestoda,Rhinebothriidea,Anthocephaliidae,Anthocephalum,2015
Urogymnus polylepis,Chordata,Elasmobranchii,Myliobatiformes,Dasyatidae,Urogymnus,1852,Rhinebothrium megacanthophallus,Platyhelminthes,Cestoda,Rhinebothriidea,Rhinebothriidae,Rhinebothrium,2006
Urogymnus granulatus,Chordata,Elasmobranchii,Myliobatiformes,Dasyatidae,Himantura,1883,Anthocephalum blairi,Platyhelminthes,Cestoda,Rhinebothriidea,Anthocephaliidae,Anthocephalum,2018
Urogymnus granulatus,Chordata,Elasmobranchii,Myliobatiformes,Dasyatidae,Urogymnus,1883,Anthocephalum blairi,Platyhelminthes,Cestoda,Rhinebothriidea,Anthocephaliidae,Anthocephalum,2018
Urogymnus granulatus,Chordata,Elasmobranchii,Myliobatiformes,Dasyatidae,Himantura,1883,Anthocephalum gravisi,Platyhelminthes,Cestoda,Rhinebothriidea,Anthocephaliidae,Anthocephalum,2018
Urogymnus granulatus,Chordata,Elasmobranchii,Myliobatiformes,Dasyatidae,Urogymnus,1883,Anthocephalum gravisi,Platyhelminthes,Cestoda,Rhinebothriidea,Anthocephaliidae,Anthocephalum,2018
Urogymnus granulatus,Chordata,Elasmobranchii,Myliobatiformes,Dasyatidae,Himantura,1883,Anthocephalum haroldsoni,Platyhelminthes,Cestoda,Rhinebothriidea,Anthocephaliidae,Anthocephalum,2018
Urogymnus granulatus,Chordata,Elasmobranchii,Myliobatiformes,Dasyatidae,Urogymnus,1883,Anthocephalum haroldsoni,Platyhelminthes,Cestoda,Rhinebothriidea,Anthocephaliidae,Anthocephalum,2018
Urogymnus granulatus,Chordata,Elasmobranchii,Myliobatiformes,Dasyatidae,Himantura,1883,Anthocephalum mounseyi,Platyhelminthes,Cestoda,Rhinebothriidea,Anthocephaliidae,Anthocephalum,2018
Urogymnus granulatus,Chordata,Elasmobranchii,Myliobatiformes,Dasyatidae,Urogymnus,1883,Anthocephalum mounseyi,Platyhelminthes,Cestoda,Rhinebothriidea,Anthocephaliidae,Anthocephalum,2018
Fontitrygon margaritella,Chordata,Elasmobranchii,Myliobatiformes,Dasyatidae,Dasyatis,1984,Stillabothrium allisonae,Platyhelminthes,Cestoda,Rhinebothriidea,Escherbothriidae,Stillabothrium,2018
Fontitrygon margaritella,Chordata,Elasmobranchii,Myliobatiformes,Dasyatidae,Fontitrygon,1984,Stillabothrium allisonae,Platyhelminthes,Cestoda,Rhinebothriidea,Escherbothriidae,Stillabothrium,2018
Fontitrygon margarita,Chordata,Elasmobranchii,Myliobatiformes,Dasyatidae,Dasyatis,1870,Stillabothrium allisonae,Platyhelminthes,Cestoda,Rhinebothriidea,Escherbothriidae,Stillabothrium,2018
Fontitrygon margarita,Chordata,Elasmobranchii,Myliobatiformes,Dasyatidae,Fontitrygon,1870,Stillabothrium allisonae,Platyhelminthes,Cestoda,Rhinebothriidea,Escherbothriidae,Stillabothrium,2018
Fontitrygon margaritella,Chordata,Elasmobranchii,Myliobatiformes,Dasyatidae,Dasyatis,1984,Stillabothrium charlotteae,Platyhelminthes,Cestoda,Rhinebothriidea,Escherbothriidae,Stillabothrium,2018
Fontitrygon margaritella,Chordata,Elasmobranchii,Myliobatiformes,Dasyatidae,Fontitrygon,1984,Stillabothrium charlotteae,Platyhelminthes,Cestoda,Rhinebothriidea,Escherbothriidae,Stillabothrium,2018
Fontitrygon margarita,Chordata,Elasmobranchii,Myliobatiformes,Dasyatidae,Dasyatis,1870,Stillabothrium charlotteae,Platyhelminthes,Cestoda,Rhinebothriidea,Escherbothriidae,Stillabothrium,2018
Fontitrygon margarita,Chordata,Elasmobranchii,Myliobatiformes,Dasyatidae,Fontitrygon,1870,Stillabothrium charlotteae,Platyhelminthes,Cestoda,Rhinebothriidea,Escherbothriidae,Stillabothrium,2018
Cirrhoscyllium formosanum,Chordata,Elasmobranchii,Orectolobiformes,Parascylliidae,Cirrhoscyllium,1959,Pentaloculum hoi,Platyhelminthes,Cestoda,Phyllobothriidea,Phyllobothriidae,Pentaloculum,2019
Squaliolus aliae,Chordata,Elasmobranchii,Squaliformes,Dalatiidae,Squaliolus,1959,Acanthobothrium katherineae,Platyhelminthes,Cestoda,Onchoproteocephalidea,Onchobothriidae,Acanthobothrium,2020
Narke japonica,Chordata,Elasmobranchii,Torpediniformes,Narkidae,Narke,1850,Anteropora japonica,Platyhelminthes,Cestoda,Lecanicephalidea,Polypocephalidae,Anteropora,1934
Hemipristis elongata,Chordata,Elasmobranchii,Carcharhiniformes,Hemigaleidae,Hemipristis,1871,Hemipristicola gunterae,Platyhelminthes,Cestoda,Phyllobothriidea,Phyllobothriidae,Hemipristicola,2011
Hemipristis elongata,Chordata,Elasmobranchii,Carcharhiniformes,Hemigaleidae,Hemipristis,1871,Hemipristicola gunterae,Platyhelminthes,Cestoda,Phyllobothriidea,Phyllobothriidae,Hemipristicola,2011
Pseudocarcharias kamoharai,Chordata,Elasmobranchii,Lamniformes,Pseudocarchariidae,Pseudocarcharias,1936,Clistobothrium amyae,Platyhelminthes,Cestoda,Phyllobothriidea,Phyllobothriidae,Clistobothrium,2020
Himantura leoparda,Chordata,Elasmobranchii,Myliobatiformes,Dasyatidae,Himantura,2008,Rhinebothrium nandoi,Platyhelminthes,Cestoda,Rhinebothriidea,Rhinebothriidae,Rhinebothrium,2020
Himantura leoparda,Chordata,Elasmobranchii,Myliobatiformes,Dasyatidae,Himantura,2008,Rhinebothrium ruhnkei,Platyhelminthes,Cestoda,Rhinebothriidea,Rhinebothriidae,Rhinebothrium,2020
Bathyraja magellanica,Chordata,Elasmobranchii,Rajiformes,Arhynchobatidae,Bathyraja,1902,Acanthobothrium carolinae,Platyhelminthes,Cestoda,Onchoproteocephalidea,Onchobothriidae,Acanthobothrium,2020
Dipturus brevicaudatus,Chordata,Elasmobranchii,Rajiformes,Rajidae,Dipturus,1933,Acanthobothrium domingae,Platyhelminthes,Cestoda,Onchoproteocephalidea,Onchobothriidae,Acanthobothrium,2020
Hypanus guttatus,Chordata,Elasmobranchii,Myliobatiformes,Dasyatidae,Dasyatis,1801,Rhinebothrium ramosi,Platyhelminthes,Cestoda,Rhinebothriidea,Rhinebothriidae,Rhinebothrium,2020
Hypanus guttatus,Chordata,Elasmobranchii,Myliobatiformes,Dasyatidae,Hypanus,1801,Rhinebothrium ramosi,Platyhelminthes,Cestoda,Rhinebothriidea,Rhinebothriidae,Rhinebothrium,2020
Myliobatis californica,Chordata,Elasmobranchii,Myliobatiformes,Myliobatidae,Myliobatis,1865,Caulobothrium tetrascaphium,Platyhelminthes,Cestoda,Tetraphyllidea,Tetraphyllidea incertae sedis,Caulobothrium,1955
Bathytoshia centroura,Chordata,Elasmobranchii,Myliobatiformes,Dasyatidae,Dasyatis,1815,Rhinebothrium flexile,Platyhelminthes,Cestoda,Rhinebothriidea,Rhinebothriidae,Rhinebothrium,1890
Bathytoshia centroura,Chordata,Elasmobranchii,Myliobatiformes,Dasyatidae,Bathytoshia,1815,Rhinebothrium flexile,Platyhelminthes,Cestoda,Rhinebothriidea,Rhinebothriidae,Rhinebothrium,1890
Taeniura lymma,Chordata,Elasmobranchii,Myliobatiformes,Dasyatidae,Taeniura,1775,Rhinebothrium taeniuri,Platyhelminthes,Cestoda,Rhinebothriidea,Rhinebothriidae,Rhinebothrium,1984
