Species,DemersPelag,DepthRangeShallow,DepthRangeDeep,Length,Weight,Vulnerability,Trophic,seTroph
Carcharhinus acronotus,reef-associated,9,64,200,18860,69.76,4.355,0.74
Carcharhinus albimarginatus,reef-associated,1,800,300,162200,75.92,4.21,0.54
Carcharhinus altimus,reef-associated,12,810,300,167800,76.49,4.466666666666667,0.5533333333333333
Carcharhinus amblyrhynchoides,pelagic-neritic,NA,50,161,NA,62.83,4.355,0.71
Carcharhinus amblyrhynchos,reef-associated,0,1000,255,33700,84.96,4.28,0.53
Carcharhinus amboinensis,reef-associated,0,150,280,NA,74.01,4.28,0.46
Carcharhinus borneensis,demersal,NA,NA,70,NA,33.93,NA,NA
Carcharhinus brachyurus,reef-associated,0,360,325,304600,86.7,4.390000000000001,0.47250000000000003
Carcharhinus brevipinna,reef-associated,0,100,300,89700,62.25,4.2,0.64
Carcharhinus cautus,reef-associated,NA,NA,150,NA,60.91,4.3825,0.7050000000000001
Carcharhinus cerdale,demersal,NA,NA,140,NA,57.24,NA,NA
Carcharhinus coatesi,reef-associated,123,NA,87,NA,37.16,NA,NA
Carcharhinus dussumieri,reef-associated,NA,100,121,NA,55.55,4.1419999999999995,0.538
Carcharhinus falciformis,reef-associated,0,4000,350,346000,79.03,4.355,0.43
Carcharhinus fitzroyensis,demersal,0,40,135,NA,57.18,4.05,0.65
Carcharhinus galapagensis,reef-associated,1,286,370,85450,84.46,4.23,0.42
Carcharhinus hemiodon,demersal,NA,NA,200,NA,67.61,NA,NA
Carcharhinus humani,pelagic-neritic,36,43,84.4,NA,36.59,NA,NA
Carcharhinus isodon,demersal,NA,10,190,NA,60.19,4.2,0.66
Carcharhinus leiodon,demersal,NA,NA,75,NA,34.82,NA,NA
Carcharhinus leucas,reef-associated,1,152,360,316500,87.54,4.31,0.46
Carcharhinus limbatus,reef-associated,0,100,275,122750,55.45,4.375,0.615
Carcharhinus longimanus,pelagic-oceanic,0,230,400,167370,78.72,4.16,0.36
Carcharhinus macloti,demersal,NA,170,110,NA,47.37,4.225,0.59
Carcharhinus macrops,pelagic-oceanic,NA,NA,NA,NA,76.99,NA,NA
Carcharhinus melanopterus,reef-associated,20,75,200,NA,67.08,4.22,0.605
Carcharhinus obscurus,reef-associated,0,400,420,346540,87.58,4.29,0.4757142857142857
Carcharhinus perezi,reef-associated,1,65,300,69850,76.49,4.5,0.8
Carcharhinus plumbeus,benthopelagic,0,500,180,117930,87.51,4.3566666666666665,0.5233333333333333
Carcharhinus porosus,demersal,NA,36,150,NA,77.05,4.14,0.6
Carcharhinus sealei,reef-associated,0,40,100,NA,39.46,4.15,0.41
Carcharhinus signatus,benthopelagic,0,600,280,76650,73.31,4.383333333333333,0.5066666666666667
Carcharhinus sorrah,reef-associated,0,140,160,28000,50.75,4.323333333333333,0.65
Carcharhinus tilstoni,pelagic-neritic,0,150,200,52000,69.85,4.43,0.74
Galeocerdo cuvier,benthopelagic,0,800,750,807400,63.83,4.14,0.45
Glyphis fowlerae,pelagic,NA,NA,77.8,NA,35.59,NA,NA
Glyphis gangeticus,demersal,NA,NA,204,NA,65.8,NA,NA
Glyphis garricki,pelagic-oceanic,NA,11,145,NA,71.56,NA,NA
Glyphis glyphis,demersal,NA,NA,100,NA,61.66,NA,NA
Glyphis siamensis,demersal,NA,NA,NA,NA,75.63,NA,NA
Isogomphodon oxyrhynchus,demersal,NA,15,160,NA,73.79,NA,NA
Lamiopsis temminckii,demersal,NA,50,170,NA,62.83,NA,NA
Lamiopsis tephrodes,demersal,NA,NA,128.2,NA,53.35,NA,NA
Loxodon macrorhinus,demersal,7,100,98,NA,46.09,3.95,0.4
Nasolamia velox,demersal,15,192,150,NA,60.91,NA,NA
Negaprion acutidens,reef-associated,0,92,380,NA,80.91,4.346666666666667,0.4633333333333333
Negaprion brevirostris,reef-associated,0,92,340,183700,86.76,4.3825,0.7475
Prionace glauca,pelagic-oceanic,1,1000,400,205930,76.5,4.3625,0.34750000000000003
Rhizoprionodon acutus,benthopelagic,1,200,175,5000,60.97,4.332,0.624
Rhizoprionodon lalandii,demersal,3,70,NA,NA,41.35,NA,NA
Rhizoprionodon longurio,benthopelagic,NA,100,110,NA,61.68,4.24,0.69
Rhizoprionodon oligolinx,reef-associated,0,36,NA,NA,43.95,NA,NA
Rhizoprionodon porosus,reef-associated,NA,500,113,7500,50.73,4.1225,0.47250000000000003
Rhizoprionodon taylori,pelagic-oceanic,NA,300,69.1,NA,23.86,4.37,0.6566666666666666
Rhizoprionodon terraenovae,demersal,0,280,110,7250,45.96,4.3025,0.62
Scoliodon laticaudus,demersal,10,13,100,NA,45.76,3.8,0.39
Scoliodon macrorhynchos,demersal,NA,NA,63.6,NA,33.93,NA,NA
Triaenodon obesus,reef-associated,1,330,213,18250,82.54,4.19,0.57
Chaenogaleus macrostoma,demersal,NA,59,100,NA,42.28,NA,NA
Hemigaleus australiensis,demersal,12,170,110,NA,47.43,4.36,0.1
Hemigaleus microstoma,demersal,NA,NA,114,NA,49.5,4.16,0.37
Hemipristis elongata,demersal,1,130,240,NA,73,4.38,0.575
Paragaleus leucolomatus,demersal,1,20,96,NA,49.1,NA,NA
Paragaleus pectoralis,demersal,NA,100,140,NA,62.61,NA,NA
Paragaleus randalli,demersal,1,18,48.3,NA,61.99,NA,NA
Paragaleus tengi,demersal,NA,NA,88,NA,37.45,NA,NA
Leptocharias smithii,demersal,10,75,77,NA,33.32,NA,NA
Ctenacis fehlmanni,demersal,70,170,NA,NA,40.72,NA,NA
Eridacnis barbouri,bathydemersal,400,650,200,NA,81.92,NA,NA
Eridacnis radcliffei,bathydemersal,71,766,23,NA,12.55,4.115,0.43
Eridacnis sinuans,bathydemersal,180,480,NA,NA,27,NA,NA
Proscyllium habereri,demersal,50,100,57,NA,29.08,NA,NA
Proscyllium magnificum,pelagic-oceanic,NA,144,49,NA,25.16,NA,NA
Proscyllium venustum,demersal,50,100,60,NA,45.42,NA,NA
Gollum attenuatus,bathydemersal,120,660,107,NA,57.71,4.17,0.52
Gollum suluensis,benthopelagic,NA,NA,58.5,NA,46.89,NA,NA
Planonasus parini,bathydemersal,1000,1120,NA,560,41.21,NA,NA
Pseudotriakis microdon,bathydemersal,173,1890,269,NA,85.9,4.34,0.5
Apristurus albisoma,bathydemersal,935,1564,59.6,NA,50.12,NA,NA
Apristurus ampliceps,bathydemersal,800,1503,85.5,NA,57.29,NA,NA
Apristurus aphyodes,bathypelagic,1014,1800,NA,NA,65.6,NA,NA
Apristurus australis,bathypelagic,486,1035,61.6,NA,49.7,NA,NA
Apristurus breviventralis,pelagic-oceanic,1000,1120,48.5,NA,37.71,NA,NA
Apristurus brunneus,demersal,33,1306,69,NA,52.37,3.625,0.345
Apristurus bucephalus,bathydemersal,1030,1140,NA,NA,53.68,NA,NA
Apristurus canutus,bathydemersal,500,1000,43,NA,42.85,NA,NA
Apristurus exsanguis,bathydemersal,560,1200,90.8,NA,58.5,NA,NA
Apristurus fedorovi,bathypelagic,100,1500,68.3,NA,53.06,NA,NA
Apristurus garricki,bathydemersal,NA,NA,67.5,NA,53.79,NA,NA
Apristurus gibbosus,bathydemersal,NA,913,388,NA,88.08,NA,NA
Apristurus herklotsi,bathydemersal,533,864,48.5,NA,45.78,NA,NA
Apristurus indicus,bathydemersal,1289,1840,34,NA,32.99,NA,NA
Apristurus internatus,bathypelagic,NA,NA,40.3,NA,39.73,NA,NA
Apristurus investigatoris,bathydemersal,NA,1041,26,NA,27.89,NA,NA
Apristurus japonicus,bathydemersal,NA,NA,71,NA,54.79,NA,NA
Apristurus kampae,bathydemersal,NA,1888,58.4,NA,49.53,NA,NA
Apristurus laurussonii,bathydemersal,560,1550,76,NA,56.1,NA,NA
Apristurus longicephalus,bathydemersal,680,950,60,NA,50.14,NA,NA
Apristurus macrorhynchus,bathydemersal,NA,NA,NA,NA,53.57,NA,NA
Apristurus macrostomus,bathydemersal,NA,913,NA,NA,39.35,NA,NA
Apristurus manis,bathydemersal,600,1900,85,NA,57.5,NA,NA
Apristurus melanoasper,bathypelagic,512,1520,76.1,1288,56.1,NA,NA
Apristurus microps,bathydemersal,1000,2200,61,NA,50.18,3.84,0.32
Apristurus micropterygeus,bathydemersal,NA,913,37.2,NA,35.86,NA,NA
Apristurus nakayai,bathypelagic,953,1022,67.6,NA,53.02,NA,NA
Apristurus nasutus,bathydemersal,400,925,70,NA,54.72,NA,NA
Apristurus parvipinnis,bathydemersal,600,1380,48,NA,48.03,NA,NA
Apristurus pinguis,bathypelagic,200,1000,83.5,NA,57.53,NA,NA
Apristurus platyrhynchus,bathypelagic,759,NA,80,NA,57.54,NA,NA
Apristurus profundorum,bathydemersal,1100,1750,54.2,NA,49.01,NA,NA
Apristurus riveri,bathydemersal,700,1500,46,NA,43.12,NA,NA
Apristurus saldanha,bathydemersal,453,717,88,NA,58.61,4.24,0.69
Apristurus sibogae,bathydemersal,NA,655,21,NA,24.56,NA,NA
Apristurus sinensis,bathydemersal,NA,NA,42,NA,39.76,NA,NA
Apristurus spongiceps,bathydemersal,572,1482,50,NA,47.12,NA,NA
Apristurus stenseni,bathydemersal,915,975,NA,NA,65.6,NA,NA
Apristurus yangi,bathydemersal,630,786,NA,NA,43.52,NA,NA
Asymbolus analis,reef-associated,10,180,90,NA,58.35,NA,NA
Asymbolus funebris,pelagic-neritic,NA,144,44.2,NA,37.45,NA,NA
Asymbolus galacticus,benthopelagic,235,550,47.7,NA,37.62,NA,NA
Asymbolus occiduus,pelagic-oceanic,98,400,60.1,NA,50,NA,NA
Asymbolus pallidus,bathypelagic,225,402,43.9,NA,44.58,NA,NA
Asymbolus parvus,pelagic-oceanic,160,260,34.9,NA,32.96,NA,NA
Asymbolus rubiginosus,pelagic-oceanic,25,540,39.3,NA,35.76,NA,NA
Asymbolus submaculatus,pelagic-oceanic,30,200,41.4,NA,40.28,NA,NA
Asymbolus vincenti,reef-associated,27,650,61,NA,50.03,NA,NA
Atelomycterus baliensis,demersal,NA,NA,47.4,NA,37.58,NA,NA
Atelomycterus erdmanni,reef-associated,3,62,50.1,NA,39.33,NA,NA
Atelomycterus fasciatus,demersal,27,122,45,NA,36.85,NA,NA
Atelomycterus macleayi,reef-associated,0,4,60,NA,44.84,NA,NA
Atelomycterus marmoratus,reef-associated,NA,NA,70,NA,52.42,NA,NA
Atelomycterus marnkalha,benthopelagic,11,74,47,NA,37.7,NA,NA
Aulohalaelurus kanakorum,reef-associated,NA,49,79,NA,54.52,NA,NA
Aulohalaelurus labiosus,demersal,NA,NA,NA,NA,53.65,NA,NA
Bythaelurus alcockii,bathydemersal,1134,1263,30,NA,30.57,NA,NA
Bythaelurus bachi,pelagic-oceanic,910,1365,42.2,NA,36.52,NA,NA
Bythaelurus canescens,bathydemersal,250,700,70,NA,54.72,4.16,0.475
Bythaelurus clevai,bathydemersal,425,500,NA,NA,65.41,NA,NA
Bythaelurus dawsoni,bathydemersal,50,1200,45,NA,42.85,NA,NA
Bythaelurus giddingsi,bathypelagic,428,562,45.3,NA,36.89,NA,NA
Bythaelurus hispidus,bathydemersal,200,403,26,NA,30.15,4.26,0.5
Bythaelurus immaculatus,bathydemersal,534,1020,71,NA,56.46,NA,NA
Bythaelurus incanus,bathydemersal,900,1000,45.4,NA,42.95,NA,NA
Bythaelurus lutarius,bathydemersal,338,766,34,NA,36.69,NA,NA
Bythaelurus naylori,demersal,89,1443,51.1,NA,49.08,NA,NA
Bythaelurus tenuicephalus,pelagic-oceanic,463,550,300,NA,85.41,NA,NA
Bythaelurus vivaldii,pelagic-oceanic,NA,628,NA,NA,35.63,NA,NA
Cephaloscyllium albipinnum,bathypelagic,126,554,101.3,NA,62.39,NA,NA
Cephaloscyllium cooki,benthopelagic,223,300,29.5,NA,30.2,NA,NA
Cephaloscyllium fasciatum,reef-associated,205,450,42,NA,39.76,NA,NA
Cephaloscyllium hiscosellum,bathypelagic,294,420,46.3,NA,44.24,NA,NA
Cephaloscyllium isabellum,reef-associated,5,690,100,NA,60.23,4.22,0.45
Cephaloscyllium laticeps,demersal,1,220,150,NA,80.48,NA,NA
Cephaloscyllium pictum,benthopelagic,NA,NA,71.7,NA,52.48,NA,NA
Cephaloscyllium signourum,benthopelagic,480,700,NA,NA,55.56,NA,NA
Cephaloscyllium silasi,bathydemersal,250,500,36,NA,42.14,NA,NA
Cephaloscyllium speccum,benthopelagic,150,455,68,NA,49.79,NA,NA
Cephaloscyllium stevensi,pelagic-neritic,240,274,NA,NA,53.57,NA,NA
Cephaloscyllium sufflans,demersal,40,600,110,NA,64.98,NA,NA
Cephaloscyllium umbratile,reef-associated,20,500,120,NA,67.91,NA,NA
Cephaloscyllium variegatum,bathypelagic,114,606,72,NA,54.02,NA,NA
Cephaloscyllium ventriosum,demersal,5,457,110,NA,65.88,NA,NA
Cephaloscyllium zebrum,bathypelagic,NA,454,44.5,NA,36.35,NA,NA
Cephalurus cephalus,bathydemersal,155,927,28,NA,29.24,3.66,0.41
Figaro boardmani,bathydemersal,128,823,61,NA,50.03,NA,NA
Figaro striatus,bathydemersal,300,419,42.1,NA,35.78,NA,NA
Galeus antillensis,bathydemersal,150,700,NA,NA,53.2,NA,NA
Galeus arae,bathydemersal,250,750,36,NA,40.55,NA,NA
Galeus atlanticus,bathydemersal,NA,540,NA,NA,53.2,NA,NA
Galeus cadenati,bathydemersal,NA,439,NA,NA,53.2,NA,NA
Galeus corriganae,reef-associated,500,742,37.2,NA,34.04,NA,NA
Galeus eastmani,bathydemersal,NA,NA,40,NA,38.32,3.87,0.3225
Galeus gracilis,bathydemersal,290,470,34,NA,32.51,NA,NA
Galeus longirostris,bathydemersal,440,520,80.3,NA,57.55,NA,NA
Galeus melastomus,demersal,55,1873,75,1370,57.37,3.9722222222222223,0.4177777777777778
Galeus mincaronei,bathydemersal,NA,430,40.4,NA,38.4,NA,NA
Galeus murinus,bathydemersal,475,1200,63,NA,51.28,3.97,0.57
Galeus nipponensis,bathydemersal,NA,NA,70,NA,54.72,4.345,0.5549999999999999
Galeus piperatus,bathydemersal,275,1326,29,NA,30.57,NA,NA
Galeus polli,bathydemersal,200,720,45,NA,42.85,4.21,0.66
Galeus priapus,benthopelagic,620,830,44.6,NA,38.88,NA,NA
Galeus sauteri,demersal,60,90,38,NA,42.68,NA,NA
Galeus schultzi,bathydemersal,329,431,NA,NA,33.81,NA,NA
Galeus springeri,bathypelagic,450,700,31.8,NA,40.57,NA,NA
Halaelurus boesemani,demersal,37,250,48,NA,45.62,NA,NA
Halaelurus buergeri,demersal,80,100,49,NA,42.34,NA,NA
Halaelurus lineatus,demersal,0,290,56,NA,47.76,NA,NA
Halaelurus maculosus,demersal,NA,NA,45.7,NA,39.11,NA,NA
Halaelurus natalensis,demersal,0,172,45,NA,40.29,4.21,0.44
Halaelurus quagga,demersal,54,187,31.5,NA,34.37,NA,NA
Halaelurus sellus,demersal,62,164,35.3,NA,42.32,NA,NA
Haploblepharus edwardsii,demersal,0,130,59,NA,49.65,3.83,0.33
Haploblepharus fuscus,reef-associated,NA,NA,69,NA,53.97,NA,NA
Haploblepharus kistnasamyi,bathypelagic,NA,NA,NA,NA,63.5,NA,NA
Haploblepharus pictus,demersal,NA,NA,57,NA,47.71,NA,NA
Holohalaelurus favus,pelagic-oceanic,200,1000,51.5,301.3,44.47,NA,NA
Holohalaelurus grennian,pelagic-oceanic,NA,246,NA,NA,51.57,NA,NA
Holohalaelurus melanostigma,bathydemersal,607,658,38.4,NA,34.46,NA,NA
Holohalaelurus punctatus,bathydemersal,220,440,35,NA,33.64,NA,NA
Holohalaelurus regani,bathydemersal,NA,1075,69,NA,53.11,4.16,0.49
Parmaturus albimarginatus,bathydemersal,590,732,57.7,NA,49.6,NA,NA
Parmaturus albipenis,bathydemersal,688,732,41.5,NA,39.65,NA,NA
Parmaturus bigus,bathydemersal,NA,606,NA,NA,55.48,NA,NA
Parmaturus campechiensis,bathydemersal,NA,1097,16,NA,20.93,NA,NA
Parmaturus lanatus,bathydemersal,NA,855,36,NA,34.83,NA,NA
Parmaturus macmillani,bathydemersal,670,1500,45,NA,42.85,NA,NA
Parmaturus melanobranchus,bathydemersal,540,810,NA,NA,57.64,NA,NA
Parmaturus nigripalatum,bathydemersal,170,190,54.8,NA,41.57,NA,NA
Parmaturus pilosus,bathydemersal,NA,786,64,NA,51.32,NA,NA
Parmaturus xaniurus,bathydemersal,88,1250,45,NA,45.35,3.67,0.43000000000000005
Pentanchus profundicolus,bathydemersal,673,1069,51,NA,47.99,NA,NA
Poroderma africanum,demersal,0,100,101,NA,61.96,3.61,0.47
Poroderma pantherinum,reef-associated,0,256,84,NA,56.62,NA,NA
Schroederichthys bivius,demersal,14,78,70,NA,53.82,3.77,0.32
Schroederichthys chilensis,demersal,NA,NA,62,NA,49.72,3.52,0.5
Schroederichthys maculatus,bathydemersal,190,412,33,NA,32.74,NA,NA
Schroederichthys saurisqualus,bathydemersal,122,435,58.2,NA,53.13,NA,NA
Schroederichthys tenuis,bathydemersal,72,410,70,NA,54.72,NA,NA
Scyliorhinus besnardi,demersal,140,190,47,NA,40.29,NA,NA
Scyliorhinus boa,bathydemersal,329,676,54,NA,49,NA,NA
Scyliorhinus cabofriensis,pelagic-neritic,NA,536,46.8,NA,37.51,NA,NA
Scyliorhinus canicula,demersal,10,780,100,1320,62.22,3.735,0.395
Scyliorhinus capensis,demersal,26,495,122,NA,70.14,4.03,0.51
Scyliorhinus cervigoni,demersal,45,500,67,NA,56.77,NA,NA
Scyliorhinus comoroensis,bathydemersal,NA,400,NA,NA,63.75,NA,NA
Scyliorhinus garmani,benthopelagic,NA,NA,38,NA,34.13,NA,NA
Scyliorhinus haeckelii,demersal,NA,NA,60,NA,50.14,NA,NA
Scyliorhinus hesperius,bathydemersal,274,457,NA,NA,45.67,NA,NA
Scyliorhinus meadi,bathydemersal,300,600,49,NA,46.77,3.99,0.64
Scyliorhinus retifer,demersal,36,750,48,NA,40.99,3.9375,0.4425
Scyliorhinus stellaris,reef-associated,1,400,170,NA,67.18,4.01,0.42000000000000004
Scyliorhinus tokubee,demersal,100,NA,41.3,NA,38.75,NA,NA
Scyliorhinus torazame,demersal,NA,100,50,NA,38.36,NA,NA
Scyliorhinus torrei,bathydemersal,200,600,32,NA,31.53,NA,NA
Scyliorhinus ugoi,demersal,400,500,53.4,NA,46.45,NA,NA
Eusphyra blochii,benthopelagic,NA,NA,186,NA,63.08,4.15,0.59
Sphyrna corona,demersal,NA,NA,92,NA,37.12,NA,NA
Sphyrna couardi,benthopelagic,NA,NA,300,NA,74.01,NA,NA
Sphyrna gilberti,pelagic-neritic,NA,NA,47.1,NA,76.26,NA,NA
Sphyrna lewini,pelagic-oceanic,0,1000,430,152400,81.26,4.1866666666666665,0.5733333333333334
Sphyrna media,demersal,8,NA,150,NA,58.84,NA,NA
Sphyrna mokarran,pelagic-oceanic,1,300,610,449500,86.03,4.32,0.46
Sphyrna tiburo,reef-associated,10,80,150,10760,49.68,3.4979999999999998,0.5700000000000001
Sphyrna tudes,benthopelagic,NA,NA,134,NA,59.37,3.64,0.44
Sphyrna zygaena,pelagic-oceanic,0,200,500,400000,85.39,4.628,0.59
Furgaleus macki,demersal,NA,220,160,12900,58.29,NA,NA
Galeorhinus galeus,benthopelagic,0,1100,193,44670,73.97,4.41,0.61
Gogolia filewoodi,demersal,NA,73,NA,NA,48.34,NA,NA
Hemitriakis abdita,bathydemersal,NA,225,NA,NA,72.13,NA,NA
Hemitriakis complicofasciata,benthopelagic,NA,NA,81,NA,51.25,NA,NA
Hemitriakis falcata,demersal,NA,150,NA,NA,72.13,NA,NA
Hemitriakis indroyonoi,demersal,NA,NA,120,NA,61.07,NA,NA
Hemitriakis japanica,demersal,20,345,110,NA,61.76,4.41,0.36
Hemitriakis leucoperiptera,demersal,NA,48,NA,NA,53.56,NA,NA
Hypogaleus hyugaensis,demersal,40,230,127,NA,65.3,4.24,0.7
Iago garricki,bathydemersal,250,475,75,NA,47.8,NA,NA
Iago omanensis,bathydemersal,110,2195,37,NA,50.74,4.215,0.38
Mustelus albipinnis,benthopelagic,30,281,109,NA,58.77,NA,NA
Mustelus antarcticus,demersal,0,350,157,30800,67.64,4.43,0.52
Mustelus asterias,demersal,0,350,140,4760,69.95,3.615,0.42000000000000004
Mustelus californicus,demersal,0,200,116,NA,47.56,3.5225,0.405
Mustelus canis,demersal,0,800,150,12150,87.28,3.6285714285714286,0.39571428571428574
Mustelus dorsalis,demersal,20,200,64,NA,65.76,NA,NA
Mustelus fasciatus,demersal,1,250,150,NA,73.4,4.24,0.7
Mustelus griseus,demersal,5,300,87,NA,63.27,3.5,0.39
Mustelus henlei,demersal,0,281,100,NA,58.4,3.5425,0.41500000000000004
Mustelus higmani,demersal,1,900,70,NA,46.78,3.5949999999999998,0.495
Mustelus lenticulatus,demersal,0,860,125,NA,76.53,3.51,0.33
Mustelus lunulatus,demersal,10,94,175,NA,74.96,3.9,0.45
Mustelus manazo,demersal,0,360,220,5720,70.73,3.652857142857143,0.32
Mustelus mangalorensis,pelagic-oceanic,NA,NA,57.684,NA,47.28,NA,NA
Mustelus mento,demersal,16,50,130,NA,66.26,NA,NA
Mustelus minicanis,benthopelagic,71,183,47.8,NA,36.16,NA,NA
Mustelus mosis,demersal,NA,400,150,NA,71.56,NA,NA
Mustelus mustelus,demersal,5,624,200,NA,73.58,3.83,0.32
Mustelus norrisi,demersal,1,100,110,13780,57.61,NA,NA
Mustelus palumbes,demersal,0,443,120,NA,62.8,3.54,0.48
Mustelus punctulatus,demersal,NA,NA,190,NA,54.05,3.82,0.35
Mustelus ravidus,benthopelagic,106,300,68.3,NA,42.27,NA,NA
Mustelus schmitti,demersal,60,195,92,NA,58.1,3.5949999999999998,0.365
Mustelus sinusmexicanus,pelagic-oceanic,20,250,83,NA,63.38,NA,NA
Mustelus stevensi,benthopelagic,121,402,91.9,NA,53.16,NA,NA
Mustelus walkeri,benthopelagic,52,403,94.2,NA,56.75,NA,NA
Mustelus whitneyi,demersal,16,211,NA,NA,51.53,3.66,0.32
Mustelus widodoi,benthopelagic,60,120,NA,NA,59.18,NA,NA
Scylliogaleus quecketti,demersal,NA,NA,89,NA,53.88,3.59,0.46
Triakis acutipinna,demersal,NA,NA,90,NA,52.97,NA,NA
Triakis maculata,demersal,NA,NA,180,NA,73.93,NA,NA
Triakis megalopterus,demersal,1,50,142,20000,74.08,4,0.45
Triakis scyllium,demersal,NA,NA,150,NA,64.32,3.81,0.2
Triakis semifasciata,demersal,0,156,198,18420,79.77,3.565,0.27166666666666667
Heterodontus francisci,demersal,0,152,122,NA,71.98,3.2,0.32
Heterodontus galeatus,reef-associated,0,93,152,NA,86.67,NA,NA
Heterodontus japonicus,demersal,6,100,120,NA,71.47,NA,NA
Heterodontus mexicanus,demersal,0,50,170,NA,82,NA,NA
Heterodontus omanensis,demersal,72,80,56,NA,50.7,NA,NA
Heterodontus portusjacksoni,demersal,0,275,165,NA,76.08,NA,NA
Heterodontus quoyi,reef-associated,3,40,107,NA,70.71,NA,NA
Heterodontus ramalheira,demersal,40,305,64,NA,61.67,NA,NA
Heterodontus zebra,reef-associated,0,200,125,NA,72.7,NA,NA
Chlamydoselachus africana,benthopelagic,300,1400,99,NA,46.13,NA,NA
Chlamydoselachus anguineus,bathydemersal,0,1570,200,NA,81.92,4.21,0.36
Heptranchias perlo,bathydemersal,0,1000,137,NA,73.47,4.16,0.36
Hexanchus griseus,bathydemersal,1,2500,482,590000,84,4.548,0.35
Hexanchus nakamurai,bathydemersal,0,600,180,NA,80.94,4.24,0.7
Notorynchus cepedianus,demersal,0,570,300,107000,56.51,4.668,0.424
Alopias pelagicus,pelagic-oceanic,0,300,428,NA,73.16,NA,NA
Alopias superciliosus,pelagic-oceanic,0,730,487.985,363800,83.57,4.359999999999999,0.42
Alopias vulpinus,pelagic-oceanic,0,650,573.3,348000,72.87,4.355,0.45499999999999996
Cetorhinus maximus,pelagic-oceanic,0,2000,1520,4000000,86.06,3.2,0.3
Carcharodon carcharias,pelagic-oceanic,0,1200,640,NA,85.78,4.695,0.39
Isurus oxyrinchus,pelagic-oceanic,0,750,445,505760,82.71,4.6725,0.6325000000000001
Isurus paucus,pelagic-oceanic,0,1752,427,NA,86.02,4.51,0.63
Lamna ditropis,pelagic-oceanic,0,650,305,175000,59.24,NA,NA
Lamna nasus,pelagic-oceanic,0,1360,350,230000,86.11,4.390000000000001,0.395
Megachasma pelagios,pelagic-oceanic,5,600,549,NA,88.7,3.38,0.22
Mitsukurina owstoni,bathydemersal,30,1300,617,NA,90,NA,NA
Carcharias taurus,reef-associated,1,191,330,158810,58.1,4.456666666666667,0.58
Carcharias tricuspidatus,demersal,NA,NA,370,NA,73.71,NA,NA
Odontaspis ferox,benthopelagic,10,2000,450,289000,78.75,NA,NA
Odontaspis noronhai,pelagic-oceanic,60,1000,367,NA,74.37,NA,NA
Pseudocarcharias kamoharai,pelagic-oceanic,0,590,110,NA,65.62,NA,NA
Bathytoshia centroura,demersal,3,270,300,300000,80.94,3.81,0.57
Bathytoshia lata,demersal,40,357,100,NA,66.88,NA,NA
Brevitrygon heterura,demersal,NA,50,24,NA,90,NA,NA
Brevitrygon imbricata,demersal,NA,NA,25,NA,41.58,NA,NA
Brevitrygon javaensis,demersal,NA,NA,21.2,NA,90,NA,NA
Brevitrygon walga,demersal,NA,NA,45,NA,87.17,NA,NA
Dasyatis brevis,demersal,1,70,187,46260,75.76,NA,NA
Dasyatis chrysonota,demersal,1,110,75,NA,55.86,NA,NA
Dasyatis gigantea,demersal,NA,NA,178,NA,90,NA,NA
Dasyatis hastata,demersal,NA,NA,104,NA,68.09,NA,NA
Dasyatis hypostigma,benthopelagic,5,80,65,NA,74.15,NA,NA
Dasyatis marmorata,demersal,12,65,60,NA,28.28,NA,NA
Dasyatis matsubarai,demersal,NA,NA,NA,NA,90,NA,NA
Dasyatis multispinosa,bathydemersal,NA,NA,NA,NA,90,NA,NA
Dasyatis pastinaca,demersal,5,200,64,NA,78.58,NA,NA
Dasyatis thetidis,demersal,0,440,400,214000,82.94,NA,NA
Dasyatis tortonesei,demersal,100,200,80,NA,68.41,NA,NA
Dasyatis ushiei,demersal,NA,NA,202,NA,90,NA,NA
Fontitrygon colarensis,pelagic-neritic,6,NA,207,NA,71.67,NA,NA
Fontitrygon geijskesi,demersal,5,80,150,NA,90,NA,NA
Fontitrygon margarita,demersal,1,60,100,20000,66.88,NA,NA
Fontitrygon margaritella,demersal,NA,NA,30,1000,90,NA,NA
Fontitrygon ukpam,demersal,NA,NA,120,NA,73.69,NA,NA
Hemitrygon akajei,demersal,10,NA,200,10650,73.67,NA,NA
Hemitrygon bennettii,demersal,1,40,50,NA,83.1,NA,NA
Hemitrygon fluviorum,benthopelagic,1,40,130,6120,57.67,NA,NA
Hemitrygon izuensis,demersal,10,20,41.82,NA,90,NA,NA
Hemitrygon laevigata,demersal,NA,60,37,NA,90,NA,NA
Hemitrygon longicauda,demersal,0,1,31,NA,90,NA,NA
Hemitrygon navarrae,demersal,NA,NA,32,NA,90,NA,NA
Hemitrygon parvonigra,benthopelagic,60,185,51,NA,82.37,NA,NA
Hemitrygon sinensis,demersal,NA,NA,NA,NA,90,NA,NA
Himantura alcockii,benthopelagic,NA,NA,NA,NA,90,NA,NA
Himantura australis,pelagic-neritic,NA,45,NA,NA,84.8,NA,NA
Himantura fava,demersal,NA,NA,120,NA,73.69,NA,NA
Himantura fluviatilis,demersal,NA,NA,100,NA,66.88,NA,NA
Himantura krempfi,demersal,NA,NA,40,NA,90,NA,NA
Himantura leoparda,benthopelagic,NA,70,NA,NA,70.12,NA,NA
Himantura marginata,benthopelagic,NA,NA,179,NA,90,NA,NA
Himantura microphthalma,demersal,NA,NA,NA,NA,90,NA,NA
Himantura pareh,demersal,NA,NA,NA,NA,90,NA,NA
Himantura randalli,demersal,1,40,41.2,NA,90,NA,NA
Himantura tutul,pelagic-neritic,NA,NA,NA,NA,71.73,NA,NA
Himantura uarnak,reef-associated,20,50,200,120000,90,3.6,0.59
Himantura undulata,demersal,NA,NA,410,NA,79.09,NA,NA
Hypanus americanus,reef-associated,0,53,200,135630,76.83,3.525,0.3875
Hypanus dipterurus,demersal,10,355,122,NA,72.2,NA,NA
Hypanus guttatus,demersal,1,36,200,NA,90,2.61,0.26
Hypanus longus,reef-associated,NA,NA,260,NA,74.33,NA,NA
Hypanus marianae,demersal,2,15,40,NA,90,NA,NA
Hypanus rudis,demersal,NA,NA,320,NA,76.55,NA,NA
Hypanus sabinus,demersal,2,25,61,4870,76.13,NA,NA
Maculabatis ambigua,benthopelagic,10,60,90,NA,65.61,NA,NA
Maculabatis arabica,demersal,15,29,45,NA,87.17,NA,NA
Maculabatis astra,benthopelagic,1,141,180,NA,90,NA,NA
Maculabatis bineeshi,demersal,13,22,66,NA,73.69,NA,NA
Maculabatis gerrardi,demersal,NA,50,200,NA,71,NA,NA
Maculabatis pastinacoides,demersal,NA,NA,80,NA,68.41,NA,NA
Maculabatis toshi,demersal,10,140,86,NA,66.65,3.63,0.32
Makararaja chindwinensis,benthopelagic,NA,NA,NA,NA,90,NA,NA
Megatrygon microps,benthopelagic,NA,NA,320,NA,86.25,NA,NA
Neotrygon annotata,demersal,10,62,45,NA,37.75,NA,NA
Neotrygon australiae,demersal,23,91,41,NA,43,NA,NA
Neotrygon caeruleopunctata,reef-associated,NA,NA,45,NA,42.9,NA,NA
Neotrygon kuhlii,reef-associated,0,170,70,NA,52.49,3.26,0.26
Neotrygon leylandi,demersal,5,80,25,NA,43,NA,NA
Neotrygon ningalooensis,demersal,NA,NA,30.2,NA,43,NA,NA
Neotrygon orientale,reef-associated,NA,NA,NA,NA,43,NA,NA
Neotrygon picta,benthopelagic,5,96,24,NA,43,NA,NA
Pastinachus gracilicaudus,benthopelagic,NA,60,74.7,NA,70.19,NA,NA
Pastinachus sephen,reef-associated,0,60,183,NA,90,NA,NA
Pastinachus solocirostris,demersal,NA,NA,45,NA,87.17,NA,NA
Pastinachus stellurostris,demersal,NA,NA,42.8,NA,89.41,NA,NA
Pateobatis bleekeri,benthopelagic,NA,30,105,NA,68.34,NA,NA
Pateobatis fai,reef-associated,0,200,183,18500,70.33,NA,NA
Pateobatis hortlei,demersal,2,7,70.7,NA,71.73,NA,NA
Pateobatis jenkinsii,demersal,33,50,130,NA,78.46,NA,NA
Pateobatis uarnacoides,demersal,NA,30,119,NA,73.33,NA,NA
Pteroplatytrygon violacea,pelagic-oceanic,1,381,96,NA,62.71,NA,NA
Taeniura grabata,demersal,10,300,250,84000,79.09,NA,NA
Taeniura lessoni,pelagic-neritic,NA,18,20.9,NA,90,NA,NA
Taeniura lymma,reef-associated,1,20,35,NA,90,NA,NA
Telatrygon acutirostra,demersal,53,142,10.61,NA,90,NA,NA
Telatrygon biasa,pelagic-neritic,NA,40,28.7,NA,90,NA,NA
Telatrygon zugei,demersal,NA,NA,29,NA,90,NA,NA
Urogymnus acanthobothrium,benthopelagic,2,20,103,NA,67.78,NA,NA
Urogymnus asperrimus,reef-associated,15,217,147,NA,90,NA,NA
Urogymnus dalyensis,benthopelagic,1,4,124,NA,75.51,NA,NA
Urogymnus granulatus,reef-associated,1,85,141,NA,85.62,NA,NA
Urogymnus lobistoma,benthopelagic,NA,NA,49.2,NA,83.71,NA,NA
Urogymnus polylepis,demersal,NA,NA,240,600000,90,NA,NA
Gymnura afuerae,demersal,NA,NA,NA,NA,50.8,NA,NA
Gymnura altavela,demersal,5,100,400,60000,50.8,4,0.32
Gymnura australis,demersal,250,NA,94,7400,46.18,NA,NA
Gymnura bimaculata,demersal,NA,NA,NA,NA,50.8,NA,NA
Gymnura crebripunctata,demersal,NA,NA,31,NA,16.53,NA,NA
Gymnura crooki,demersal,NA,NA,NA,NA,50.8,NA,NA
Gymnura hirundo,demersal,NA,NA,167,NA,50.8,NA,NA
Gymnura japonica,demersal,NA,NA,100,NA,42.28,NA,NA
Gymnura lessae,demersal,NA,NA,60.9,NA,48.36,NA,NA
Gymnura marmorata,demersal,1,94,100,NA,49.99,NA,NA
Gymnura micrura,demersal,NA,55,137,90,49.54,NA,NA
Gymnura natalensis,demersal,20,100,250,82600,50.8,NA,NA
Gymnura poecilura,demersal,NA,NA,250,NA,50.8,NA,NA
Gymnura tentaculata,demersal,NA,NA,NA,NA,50.8,NA,NA
Gymnura zonura,reef-associated,28,37,106,NA,46.87,NA,NA
Hexatrygon bickelli,bathydemersal,350,1120,143,NA,76.2,NA,NA
Aetobatus flagellum,benthopelagic,NA,NA,72,13930,71.25,NA,NA
Aetobatus narinari,benthopelagic,1,80,330,230000,74.46,4.12,0.18
Aetobatus narutobiei,benthopelagic,NA,NA,100,14400,66.88,NA,NA
Aetobatus ocellatus,benthopelagic,1,100,152.8,200000,67.67,NA,NA
Aetomylaeus asperrimus,demersal,NA,50,79,NA,55.7,NA,NA
Aetomylaeus bovinus,benthopelagic,10,150,NA,116000,53.68,NA,NA
Aetomylaeus caeruleofasciatus,pelagic-neritic,10,117,59.1,NA,56.2,NA,NA
Aetomylaeus maculatus,reef-associated,1,18,200,NA,54.19,NA,NA
Aetomylaeus milvus,benthopelagic,NA,NA,NA,NA,63.97,NA,NA
Aetomylaeus nichofii,demersal,1,70,65,NA,55.7,NA,NA
Aetomylaeus vespertilio,benthopelagic,1,110,240,NA,53.68,NA,NA
Mobula alfredi,benthopelagic,1,120,500,NA,80.01,NA,NA
Mobula birostris,reef-associated,0,120,910,3000000,77.73,NA,NA
Mobula eregoodootenkee,pelagic-oceanic,NA,NA,100,NA,55.14,NA,NA
Mobula hypostoma,pelagic-neritic,NA,NA,120,NA,54.67,NA,NA
Mobula japanica,reef-associated,NA,NA,310,NA,54.69,NA,NA
Mobula kuhlii,pelagic-oceanic,NA,NA,119,30000,54.67,NA,NA
Mobula mobular,pelagic-neritic,NA,NA,520,1500000,52.7,NA,NA
Mobula munkiana,pelagic-oceanic,0,15,220,NA,53.68,NA,NA
Mobula rochebrunei,pelagic-neritic,NA,NA,133,NA,54.7,NA,NA
Mobula thurstoni,pelagic-oceanic,0,100,220,NA,53.68,NA,NA
Myliobatis aquila,benthopelagic,1,300,183,14500,58.88,NA,NA
Myliobatis australis,reef-associated,1,85,120,56500,59.79,NA,NA
Myliobatis californica,demersal,0,108,180,82100,75.47,3.24,0.17333333333333334
Myliobatis chilensis,benthopelagic,NA,NA,NA,NA,69.1,NA,NA
Myliobatis freminvillei,benthopelagic,0,100,100,NA,59.79,3.41,0.17
Myliobatis goodei,benthopelagic,1,130,125,NA,51.06,NA,NA
Myliobatis hamlyni,benthopelagic,200,NA,48,NA,60.8,NA,NA
Myliobatis longirostris,benthopelagic,NA,50,95,NA,60.27,NA,NA
Myliobatis peruvianus,benthopelagic,1,100,47,NA,60.8,NA,NA
Myliobatis ridens,benthopelagic,5,47,63,NA,60.52,NA,NA
Myliobatis tenuicaudatus,benthopelagic,0,160,150,NA,59.35,3.69,0.4
Myliobatis tobijei,demersal,0,220,150,NA,60.91,NA,NA
Rhinoptera adspersa,benthopelagic,NA,NA,99,NA,39.41,NA,NA
Rhinoptera bonasus,benthopelagic,0,22,213.3,953,63.16,3.7066666666666666,0.5
Rhinoptera brasiliensis,demersal,NA,NA,NA,NA,53.04,NA,NA
Rhinoptera javanica,reef-associated,NA,NA,150,4500,45.62,NA,NA
Rhinoptera jayakari,benthopelagic,NA,NA,NA,NA,53.04,NA,NA
Rhinoptera marginata,benthopelagic,NA,NA,200,NA,45.13,NA,NA
Rhinoptera neglecta,reef-associated,NA,NA,86,NA,45.81,NA,NA
Rhinoptera steindachneri,reef-associated,0,65,90,NA,45.72,NA,NA
Plesiobatis daviesi,bathydemersal,44,780,270,NA,85.1,NA,NA
Heliotrygon gomesi,benthopelagic,NA,NA,13.5,NA,89.38,NA,NA
Heliotrygon rosai,benthopelagic,NA,NA,80,NA,68.05,NA,NA
Paratrygon aiereba,demersal,NA,NA,80,14000,68.05,NA,NA
Plesiotrygon iwamae,demersal,NA,NA,58,NA,77.29,NA,NA
Plesiotrygon nana,demersal,NA,NA,24.7,NA,89.38,NA,NA
Potamotrygon adamastor,benthopelagic,NA,NA,NA,NA,79.44,NA,NA
Potamotrygon albimaculata,benthopelagic,NA,NA,NA,NA,89.38,NA,NA
Potamotrygon amandae,benthopelagic,NA,NA,31.2,NA,89.38,NA,NA
Potamotrygon amazona,benthopelagic,NA,NA,58.4,NA,77.07,NA,NA
Potamotrygon boesemani,benthopelagic,NA,NA,41.3,NA,89.38,NA,NA
Potamotrygon brachyura,demersal,NA,NA,95,208000,65.3,NA,NA
Potamotrygon falkneri,benthopelagic,NA,NA,60,NA,76.2,NA,NA
Potamotrygon garmani,benthopelagic,NA,NA,NA,NA,88.79,NA,NA
Potamotrygon henlei,benthopelagic,NA,NA,45,NA,86.58,NA,NA
Potamotrygon humerosa,benthopelagic,NA,NA,NA,NA,89.38,NA,NA
Potamotrygon hystrix,benthopelagic,NA,NA,40,15000,89.38,NA,NA
Potamotrygon jabuti,benthopelagic,NA,NA,NA,NA,89.38,NA,NA
Potamotrygon leopoldi,benthopelagic,NA,NA,111,17040,63.24,NA,NA
Potamotrygon limai,benthopelagic,NA,NA,64.8,NA,73.82,NA,NA
Potamotrygon magdalenae,benthopelagic,NA,NA,35,755.1,89.38,NA,NA
Potamotrygon marinae,benthopelagic,NA,NA,NA,NA,89.38,NA,NA
Potamotrygon orbignyi,benthopelagic,NA,NA,35,1400,89.38,NA,NA
Potamotrygon pantanensis,benthopelagic,NA,NA,26.8,NA,89.38,NA,NA
Potamotrygon rex,benthopelagic,NA,NA,75,NA,69.74,NA,NA
Potamotrygon schroederi,benthopelagic,NA,NA,60,NA,76.2,NA,NA
Potamotrygon schuhmacheri,benthopelagic,NA,NA,25,NA,89.38,NA,NA
Potamotrygon scobina,benthopelagic,NA,NA,54.7,15000,47.48,NA,NA
Potamotrygon signata,benthopelagic,NA,NA,30,NA,89.38,NA,NA
Potamotrygon tatianae,demersal,NA,NA,36.2,NA,89.38,NA,NA
Potamotrygon tigrina,benthopelagic,NA,NA,NA,NA,89.38,NA,NA
Potamotrygon wallacei,benthopelagic,NA,NA,31,NA,89.38,NA,NA
Potamotrygon yepezi,benthopelagic,NA,NA,40,NA,89.38,NA,NA
Spinilophus armatus,demersal,NA,NA,17.4,NA,35.45,NA,NA
Trygonoptera galba,benthopelagic,100,210,32.8,NA,60.58,NA,NA
Trygonoptera imitata,benthopelagic,NA,120,68.9,NA,69.76,NA,NA
Trygonoptera mucosa,demersal,NA,20,44,NA,64.77,3.14,0.28
Trygonoptera ovalis,reef-associated,4,43,61,NA,68.36,NA,NA
Trygonoptera personata,demersal,NA,70,47,NA,66.26,3.26,0.38
Trygonoptera testacea,demersal,NA,135,47,NA,66.59,NA,NA
Urolophus aurantiacus,demersal,NA,NA,40,NA,61.53,NA,NA
Urolophus bucculentus,demersal,100,230,80,NA,68.47,NA,NA
Urolophus circularis,demersal,NA,120,60,NA,68.36,NA,NA
Urolophus cruciatus,demersal,NA,160,50,NA,67.26,NA,NA
Urolophus deforgesi,bathydemersal,203,330,34.2,NA,55.2,NA,NA
Urolophus expansus,bathydemersal,140,420,47,NA,66.59,NA,NA
Urolophus flavomosaicus,demersal,60,300,59,NA,67.62,NA,NA
Urolophus gigas,demersal,NA,50,70,NA,68.84,NA,NA
Urobatis halleri,demersal,0,91,58,1360,69.87,3.234,0.19
Urolophus javanicus,demersal,NA,NA,NA,NA,65.79,NA,NA
Urolophus kaianus,bathydemersal,NA,236,23,NA,43.04,NA,NA
Urolophus kapalensis,benthopelagic,9,79,43.3,NA,67.54,NA,NA
Urolophus lobatus,demersal,NA,30,38,NA,61.2,3.5,0.5
Urolophus mitosis,bathydemersal,NA,200,29,NA,46.63,NA,NA
Urolophus neocaledoniensis,bathydemersal,229,428,36.6,NA,58.53,NA,NA
Urolophus orarius,demersal,20,50,31,NA,50.88,NA,NA
Urolophus papilio,bathydemersal,NA,330,31.3,NA,52.01,NA,NA
Urolophus paucimaculatus,demersal,5,150,57,NA,30.51,3.45,0.47
Urolophus piperatus,bathydemersal,171,370,48.4,NA,67.03,NA,NA
Urolophus sufflavus,demersal,45,300,42,NA,64.34,NA,NA
Urolophus viridis,demersal,20,200,44,NA,64.77,NA,NA
Urolophus westraliensis,demersal,60,210,36,NA,58.33,NA,NA
Urobatis concentricus,demersal,1,109,47.5,NA,24.51,NA,NA
Urobatis jamaicensis,reef-associated,1,25,76,NA,32.21,NA,NA
Urobatis maculatus,demersal,1,30,42,NA,21.79,NA,NA
Urobatis marmoratus,demersal,NA,NA,NA,NA,40.28,NA,NA
Urobatis pardalis,benthopelagic,11,14,46.2,NA,23.92,NA,NA
Urobatis tumbesensis,demersal,NA,NA,34.5,NA,18.33,NA,NA
Urotrygon aspidura,demersal,5,100,50,NA,25.58,NA,NA
Urotrygon caudispinosus,demersal,NA,NA,NA,NA,24.04,NA,NA
Urotrygon chilensis,demersal,1,60,41.9,NA,21.74,NA,NA
Urotrygon cimar,demersal,0,85,38.2,NA,20.09,NA,NA
Urotrygon microphthalmum,demersal,9,55,11.8,NA,24.04,NA,NA
Urotrygon munda,demersal,4,51,28.8,NA,15.34,NA,NA
Urotrygon nana,demersal,NA,NA,25,NA,13.16,NA,NA
Urotrygon peruanus,demersal,NA,NA,NA,NA,24.04,NA,NA
Urotrygon reticulata,demersal,NA,NA,24.1,NA,12.61,NA,NA
Urotrygon rogersi,demersal,2,30,46.2,NA,23.92,NA,NA
Urotrygon serrula,demersal,NA,NA,NA,NA,24.04,NA,NA
Urotrygon simulatrix,demersal,NA,NA,26.7,NA,14.16,NA,NA
Urotrygon venezuelae,demersal,NA,NA,25.5,NA,13.46,NA,NA
Brachaelurus colcloughi,demersal,4,217,76,NA,45.15,NA,NA
Brachaelurus waddi,reef-associated,0,140,122,NA,53.95,NA,NA
Ginglymostoma cirratum,reef-associated,0,130,430,109580,81.38,4.3525,0.4825
Ginglymostoma unami,benthopelagic,NA,NA,207,NA,71.67,NA,NA
Nebrius ferrugineus,reef-associated,0,70,320,NA,76.55,4.1,0.39
Pseudoginglymostoma brevicaudatum,reef-associated,NA,NA,75,NA,31.98,NA,NA
Chiloscyllium arabicum,demersal,2,100,80,NA,46.11,NA,NA
Chiloscyllium burmensis,demersal,29,33,57.5,NA,27.62,NA,NA
Chiloscyllium griseum,reef-associated,5,100,77,NA,32.44,3.72,0.26
Chiloscyllium hasseltii,reef-associated,0,12,61,NA,28.54,NA,NA
Chiloscyllium plagiosum,reef-associated,0,50,83,NA,35.62,NA,NA
Chiloscyllium punctatum,reef-associated,0,85,132,NA,58.95,NA,NA
Hemiscyllium freycineti,reef-associated,0,12,72,NA,31.28,NA,NA
Hemiscyllium galei,reef-associated,2,4,56.75,NA,27.42,NA,NA
Hemiscyllium hallstromi,reef-associated,0,15,77,NA,32.44,NA,NA
Hemiscyllium halmahera,pelagic-neritic,5,10,68.1,NA,30.35,NA,NA
Hemiscyllium henryi,reef-associated,3,30,78.3,NA,33.28,NA,NA
Hemiscyllium michaeli,benthopelagic,2,20,69.5,NA,49.48,NA,NA
Hemiscyllium ocellatum,reef-associated,0,50,107,NA,45.71,3.4349999999999996,0.29500000000000004
Hemiscyllium strahani,reef-associated,3,18,80,NA,33.78,NA,NA
Hemiscyllium trispeculare,reef-associated,0,50,79,NA,33.57,NA,NA
Eucrossorhinus dasypogon,reef-associated,2,50,366,NA,86.05,NA,NA
Orectolobus floridus,pelagic-neritic,42,85,75,NA,41.65,NA,NA
Orectolobus halei,demersal,0,195,256,NA,80.29,NA,NA
Orectolobus hutchinsi,demersal,0,106,149,NA,71.61,NA,NA
Orectolobus japonicus,demersal,0,200,118,NA,59.35,NA,NA
Orectolobus leptolineatus,benthopelagic,20,NA,112,NA,59.52,NA,NA
Orectolobus maculatus,reef-associated,0,248,320,NA,61.49,NA,NA
Orectolobus ornatus,reef-associated,0,100,290,NA,59.88,NA,NA
Orectolobus parvimaculatus,demersal,9,135,88.5,NA,50.92,NA,NA
Orectolobus reticulatus,benthopelagic,0,20,NA,NA,40.42,NA,NA
Orectolobus wardi,reef-associated,1,3,63,NA,36.96,NA,NA
Sutorectus tentaculatus,reef-associated,0,35,92,NA,51.31,NA,NA
Cirrhoscyllium expolitum,demersal,180,190,34,NA,25.86,NA,NA
Cirrhoscyllium formosanum,demersal,110,320,39,NA,20.46,NA,NA
Cirrhoscyllium japonicum,bathydemersal,250,290,48.5,NA,39.36,NA,NA
Parascyllium collare,reef-associated,20,230,85,NA,50.28,NA,NA
Parascyllium elongatum,benthopelagic,NA,50,NA,NA,32.1,NA,NA
Parascyllium ferrugineum,demersal,5,150,80,NA,49.52,NA,NA
Parascyllium sparsimaculatum,bathydemersal,204,245,NA,NA,47.19,NA,NA
Parascyllium variolatum,demersal,NA,180,91,NA,50.83,NA,NA
Rhincodon typus,pelagic-oceanic,0,1928,1700,34000000,86.69,3.55,0.54
Stegostoma fasciatum,reef-associated,0,90,354,NA,77.37,3.1,0.4
Pliotrema warreni,demersal,60,430,170,NA,75,4.16,0.57
Pristiophorus cirratus,demersal,37,310,137,NA,59.77,NA,NA
Pristiophorus delicatus,pelagic-oceanic,246,405,62.5,NA,33.11,NA,NA
Pristiophorus japonicus,demersal,0,500,NA,NA,75.02,NA,NA
Pristiophorus lanae,pelagic-neritic,29,593,66.9,NA,33.04,NA,NA
Pristiophorus nancyae,pelagic-oceanic,286,570,61.6,NA,28.8,NA,NA
Pristiophorus nudipinnis,demersal,37,165,122,NA,63.43,NA,NA
Pristiophorus schroederi,bathydemersal,400,1000,80,NA,50.58,NA,NA
Schroederobatis americana,bathydemersal,200,900,40,NA,38.34,NA,NA
Anacanthobatis donghaiensis,bathydemersal,200,1000,44,NA,37.15,NA,NA
Springeria folirostris,bathydemersal,425,472,40,NA,32.11,NA,NA
Springeria longirostris,bathydemersal,530,1052,75,NA,50.02,NA,NA
Anacanthobatis marmorata,bathydemersal,230,322,29,NA,19.28,NA,NA
Anacanthobatis nanhaiensis,bathydemersal,474,500,NA,NA,26.5,NA,NA
Indobatis ori,bathydemersal,1000,1725,42.9,NA,35.62,NA,NA
Sinobatis andamanensis,bathydemersal,508,518,37.9,NA,22.17,NA,NA
Sinobatis borneensis,bathydemersal,800,1100,39.9,NA,32.06,NA,NA
Sinobatis brevicauda,benthopelagic,900,1130,NA,NA,40.34,NA,NA
Sinobatis bulbicauda,demersal,150,1125,43.3,NA,26.28,NA,NA
Sinobatis caerulea,bathydemersal,482,1168,69,NA,30.57,NA,NA
Sinobatis filicauda,bathydemersal,606,880,55,NA,26.95,NA,NA
Sinobatis kotlyari,pelagic-oceanic,NA,1400,33.1,NA,17.62,NA,NA
Sinobatis melanosoma,bathydemersal,500,1100,59,NA,46.4,NA,NA
Sinobatis stenosoma,bathydemersal,534,NA,NA,NA,40.72,NA,NA
Arhynchobatis asperrimus,bathydemersal,90,1070,75,NA,58.66,NA,NA
Atlantoraja castelnaui,demersal,10,100,132,NA,76.29,NA,NA
Atlantoraja cyclophora,demersal,NA,150,78.9,NA,58.35,NA,NA
Atlantoraja platana,demersal,19,181,81.6,NA,59.21,NA,NA
Bathyraja abyssicola,bathydemersal,362,2910,157,NA,85.38,NA,NA
Bathyraja aguja,bathydemersal,NA,981,NA,NA,77.12,NA,NA
Bathyraja albomaculata,demersal,130,434,14.4,NA,22.42,NA,NA
Bathyraja aleutica,bathydemersal,15,1602,161,23100,86.01,NA,NA
Bathyraja andriashevi,bathydemersal,1390,2004,75.6,NA,70.41,NA,NA
Bathyraja bergi,bathydemersal,300,1800,NA,NA,77.12,NA,NA
Bathyraja brachyurops,demersal,81,313,64.2,NA,55.66,NA,NA
Bathyraja caeluronigricans,demersal,200,400,74.4,NA,70.59,NA,NA
Bathyraja cousseauae,demersal,119,284,86,NA,60.77,NA,NA
Bathyraja diplotaenia,bathydemersal,400,800,NA,NA,77.12,NA,NA
Bathyraja eatonii,demersal,NA,NA,100,NA,65.88,NA,NA
Bathyraja fedorovi,bathydemersal,447,2025,73.3,NA,58.66,NA,NA
Bathyraja griseocauda,bathydemersal,94,585,49,NA,49.32,NA,NA
Bathyraja hesperafricana,bathydemersal,750,2000,342,NA,88.08,NA,NA
Bathyraja interrupta,bathydemersal,23,1500,86,NA,68.32,NA,NA
Bathyraja irrasa,bathydemersal,565,1218,120,NA,72.16,NA,NA
Bathyraja ishiharai,demersal,NA,2300,123,NA,72.68,NA,NA
Bathyraja isotrachys,bathydemersal,370,2000,76.2,NA,59.87,NA,NA
Bathyraja leucomelanos,bathydemersal,NA,NA,88.8,NA,60,NA,NA
Bathyraja lindbergi,demersal,NA,2000,60.7,NA,75.64,NA,NA
Bathyraja longicauda,demersal,NA,NA,NA,NA,77.12,NA,NA
Bathyraja maccaini,demersal,167,500,120,NA,72.16,NA,NA
Bathyraja macloviana,demersal,NA,NA,NA,NA,77.12,NA,NA
Bathyraja maculata,bathydemersal,70,1193,115,8500,80.63,NA,NA
Bathyraja magellanica,demersal,NA,NA,NA,NA,77.12,NA,NA
Bathyraja mariposa,benthopelagic,90,448,76,NA,59.87,NA,NA
Bathyraja matsubarai,bathydemersal,120,2000,126,10600,73.93,NA,NA
Bathyraja meridionalis,demersal,NA,800,120,NA,72.16,NA,NA
Bathyraja minispinosa,demersal,150,1420,82.5,NA,75.74,NA,NA
Bathyraja multispinis,demersal,NA,NA,NA,NA,77.12,NA,NA
Bathyraja murrayi,demersal,NA,800,60,NA,54.63,NA,NA
Bathyraja notoroensis,demersal,NA,600,58.2,NA,73.8,NA,NA
Bathyraja pacifica,bathydemersal,1760,1789,122.4,NA,72.51,NA,NA
Bathyraja pallida,bathydemersal,2400,2950,160,NA,85.38,NA,NA
Bathyraja panthera,demersal,51,258,111,NA,69.9,NA,NA
Bathyraja papilionifera,bathydemersal,940,1040,NA,NA,77.12,NA,NA
Bathyraja parmifera,demersal,20,1450,129,18200,76.89,4.19,0.45
Bathyraja peruana,bathydemersal,NA,980,NA,NA,77.12,NA,NA
Bathyraja pseudoisotrachys,bathydemersal,NA,297,100,NA,65.81,NA,NA
Bathyraja richardsoni,bathydemersal,1370,2500,175,NA,86.02,NA,NA
Bathyraja scaphiops,demersal,100,500,111,NA,69.8,NA,NA
Bathyraja schroederi,bathydemersal,500,3000,NA,NA,77.12,NA,NA
Bathyraja shuntovi,bathydemersal,300,1470,140,NA,80.35,NA,NA
Bathyraja simoterus,demersal,96,540,101,NA,66.01,NA,NA
Bathyraja smirnovi,demersal,100,1000,101.5,NA,66.09,NA,NA
Bathyraja smithii,bathydemersal,440,1020,120,NA,71.89,NA,NA
Bathyraja spinicauda,bathydemersal,140,1463,170,NA,86.02,4.41,0.62
Bathyraja spinosissima,bathydemersal,800,2938,150,NA,85.38,NA,NA
Bathyraja taranetzi,bathydemersal,58,1054,70,NA,51.65,NA,NA
Bathyraja trachouros,bathydemersal,400,800,NA,NA,77.12,NA,NA
Bathyraja trachura,bathydemersal,213,2550,91,5000,66.97,NA,NA
Bathyraja tunae,bathydemersal,1700,2240,NA,NA,65.91,NA,NA
Bathyraja tzinovskii,benthopelagic,1766,2500,NA,NA,57.73,NA,NA
Bathyraja violacea,demersal,20,1110,102,NA,66.59,NA,NA
Brochiraja aenigma,bathydemersal,NA,437,43.6,NA,46.47,NA,NA
Brochiraja albilabiata,bathydemersal,900,1000,64.6,NA,55.84,NA,NA
Brochiraja asperula,bathydemersal,200,1300,51,NA,50.69,NA,NA
Brochiraja heuresa,bathydemersal,870,1350,35.5,NA,53.16,NA,NA
Brochiraja leviveneta,bathydemersal,300,1200,50.9,NA,52.91,NA,NA
Brochiraja microspinifera,bathydemersal,600,1200,32.5,NA,35.64,NA,NA
Brochiraja spinifera,bathydemersal,170,1460,80,NA,59.81,NA,NA
Brochiraja vittacauda,bathydemersal,629,973,71.9,NA,52.76,NA,NA
Insentiraja laxipella,demersal,NA,880,57,NA,48.74,NA,NA
Insentiraja subtilispinosa,bathydemersal,970,1100,NA,NA,52.97,NA,NA
Irolita waitii,demersal,50,200,52,NA,50.59,NA,NA
Irolita westraliensis,demersal,142,209,43,NA,41.9,NA,NA
Notoraja alisae,bathypelagic,870,1049,51.5,NA,51.66,NA,NA
Notoraja azurea,bathydemersal,765,1440,64.5,NA,55.66,NA,NA
Notoraja fijiensis,bathypelagic,567,699,31,NA,36.94,NA,NA
Notoraja hirticauda,benthopelagic,500,760,44.8,NA,39.63,NA,NA
Notoraja inusitata,bathypelagic,NA,844,44,NA,39.51,NA,NA
Notoraja lira,demersal,NA,1050,41.5,NA,40.08,NA,NA
Notoraja longiventralis,bathypelagic,660,953,43.4,NA,38.17,NA,NA
Notoraja martinezi,bathydemersal,1256,1472,47.5,NA,48.29,NA,NA
Notoraja ochroderma,demersal,NA,450,37,NA,36.05,NA,NA
Notoraja sapphira,benthopelagic,1195,1313,36,NA,39.56,NA,NA
Notoraja sereti,bathydemersal,800,980,NA,NA,48.22,NA,NA
Notoraja sticta,bathydemersal,820,1200,62.7,NA,55.55,NA,NA
Notoraja tobitukai,bathydemersal,60,1015,50,NA,49.6,NA,NA
Pavoraja alleni,bathydemersal,304,458,35,NA,34.97,NA,NA
Pavoraja arenaria,demersal,192,712,34.3,NA,34.85,NA,NA
Pavoraja mosaica,bathydemersal,300,405,27.9,NA,31.82,NA,NA
Pavoraja nitida,demersal,30,390,36.8,NA,39.35,NA,NA
Pavoraja pseudonitida,bathydemersal,212,512,37.2,NA,36.07,NA,NA
Pavoraja umbrosa,bathydemersal,360,731,36.9,NA,36.03,NA,NA
Psammobatis bergi,demersal,NA,NA,NA,NA,43.27,NA,NA
Psammobatis extenta,demersal,40,NA,22.1,NA,28.32,NA,NA
Psammobatis lentiginosa,demersal,84,160,49,NA,47.61,NA,NA
Psammobatis normani,demersal,NA,121,NA,NA,43.27,NA,NA
Psammobatis parvacauda,demersal,NA,120,NA,NA,43.27,NA,NA
Psammobatis rudis,demersal,NA,NA,NA,NA,43.27,NA,NA
Psammobatis rutrum,bathydemersal,73,150,30,NA,33.66,NA,NA
Psammobatis scobina,demersal,40,450,NA,NA,43.27,NA,NA
Pseudoraja fischeri,pelagic-oceanic,NA,412,NA,NA,71.11,NA,NA
Rhinoraja kujiensis,bathydemersal,100,450,NA,NA,71.11,NA,NA
Rhinoraja longicauda,bathydemersal,300,1000,NA,NA,71.11,NA,NA
Rhinoraja odai,bathydemersal,300,870,NA,NA,71.11,NA,NA
Rioraja agassizii,demersal,NA,130,33,NA,49.06,3.4166666666666665,0.43333333333333335
Sympterygia acuta,demersal,10,188,149.5,NA,83.16,NA,NA
Sympterygia bonapartii,demersal,NA,150,63,NA,67.39,NA,NA
Sympterygia brevicaudata,demersal,NA,18,38,NA,37.21,NA,NA
Sympterygia lima,demersal,NA,NA,NA,NA,73.39,NA,NA
Amblyraja badia,bathydemersal,1061,2322,86,NA,58.37,NA,NA
Amblyraja doellojuradoi,demersal,50,640,69,NA,49.62,NA,NA
Amblyraja frerichsi,bathydemersal,600,2610,91,NA,56.1,NA,NA
Amblyraja georgiana,bathydemersal,20,350,115,NA,64.52,NA,NA
Amblyraja hyperborea,bathydemersal,92,2925,112,NA,63.79,4.28,0.67
Amblyraja jenseni,bathydemersal,165,2550,74.25,NA,55.6,NA,NA
Amblyraja radiata,demersal,5,1540,105,11400,50.85,3.902285714285714,0.47714285714285715
Amblyraja reversa,bathydemersal,NA,1500,60,NA,47.07,NA,NA
Amblyraja robertsi,bathydemersal,NA,1350,77,NA,51.93,NA,NA
Amblyraja taaf,bathydemersal,150,600,90,NA,56.46,NA,NA
Beringraja binoculata,demersal,3,800,244,91000,86.02,NA,NA
Beringraja pulchra,demersal,15,120,115,NA,64.52,4.38,0.72
Breviraja claramaculata,bathydemersal,293,896,29.4,NA,27.43,NA,NA
Breviraja colesi,bathydemersal,366,522,40,NA,34.08,NA,NA
Breviraja marklei,bathydemersal,443,988,39,NA,37.14,NA,NA
Breviraja mouldi,demersal,355,775,41,NA,33.08,NA,NA
Breviraja nigriventralis,bathydemersal,549,776,40,NA,34.08,NA,NA
Breviraja spinosa,bathydemersal,323,675,23.6,NA,37.55,NA,NA
Cruriraja andamanica,bathydemersal,274,511,NA,NA,34.55,NA,NA
Cruriraja atlantis,bathydemersal,512,778,NA,NA,34.55,NA,NA
Cruriraja cadenati,bathydemersal,NA,458,NA,NA,34.55,NA,NA
Cruriraja durbanensis,bathydemersal,NA,859,23,NA,16.53,NA,NA
Cruriraja hulleyi,benthopelagic,39,545,58,NA,34.68,NA,NA
Cruriraja parcomaculata,bathydemersal,150,620,55,NA,45.3,NA,NA
Cruriraja poeyi,bathydemersal,385,870,32.8,NA,24.49,NA,NA
Cruriraja rugosa,bathydemersal,366,1007,NA,NA,34.55,NA,NA
Dactylobatus armatus,bathydemersal,300,900,32,NA,29.19,NA,NA
Dactylobatus clarkii,bathydemersal,475,1000,59,NA,29.26,NA,NA
Dentiraja australis,demersal,20,325,55,NA,44.48,NA,NA
Dentiraja cerva,demersal,20,470,66,NA,49.48,NA,NA
Dentiraja confusa,benthopelagic,18,390,64.9,NA,49.97,NA,NA
Dentiraja falloarga,benthopelagic,60,256,45,NA,36.4,NA,NA
Dentiraja flindersi,benthopelagic,27,54,31.6,NA,29.25,NA,NA
Dentiraja healdi,bathydemersal,304,520,58.7,NA,50.67,NA,NA
Dentiraja lemprieri,demersal,0,170,55,NA,44.48,NA,NA
Dentiraja polyommata,bathydemersal,135,400,36,NA,31.17,NA,NA
Dipturus acrobelus,bathydemersal,446,1328,95,NA,66.09,NA,NA
Dipturus amphispinus,pelagic-neritic,NA,NA,NA,NA,56.46,NA,NA
Dipturus apricus,demersal,196,606,65.9,NA,51.93,NA,NA
Dipturus argentinensis,benthopelagic,87,142,93.5,NA,56.02,NA,NA
Dipturus batis,demersal,100,1000,285,97070,86.21,NA,NA
Dipturus bullisi,bathydemersal,200,600,48,NA,71.75,NA,NA
Dipturus campbelli,demersal,137,403,66,NA,47.75,NA,NA
Dipturus canutus,benthopelagic,330,730,79.5,NA,56.8,NA,NA
Dipturus crosnieri,bathydemersal,300,850,61,NA,47.92,NA,NA
Dipturus diehli,bathydemersal,480,NA,101.2,NA,64.4,NA,NA
Dipturus doutrei,bathydemersal,163,1200,115,NA,64.52,NA,NA
Dipturus ecuadoriensis,demersal,NA,NA,39,NA,32.54,NA,NA
Dipturus flavirostris,demersal,NA,NA,NA,NA,75.87,NA,NA
Dipturus garricki,bathydemersal,275,476,107,NA,61.55,NA,NA
Dipturus gigas,bathydemersal,300,1000,186,NA,84.61,NA,NA
Dipturus grahami,benthopelagic,70,490,62.2,NA,42.48,NA,NA
Dipturus gudgeri,bathydemersal,160,765,184,NA,84.61,NA,NA
Dipturus innominatus,demersal,15,1310,240,NA,79.7,NA,NA
Dipturus johannisdavisi,bathydemersal,220,660,54,NA,45.7,NA,NA
Dipturus kwangtungensis,demersal,50,240,75.7,NA,51.32,NA,NA
Dipturus laevis,demersal,0,750,163,18000,69.28,3.5,0.42
Dipturus lanceorostratus,bathydemersal,NA,439,82,NA,53.77,NA,NA
Dipturus leptocauda,bathydemersal,400,521,67,NA,49.94,NA,NA
Dipturus macrocauda,bathydemersal,300,400,120,NA,66.53,NA,NA
Dipturus melanospilus,bathypelagic,239,695,77.7,NA,51.96,NA,NA
Dipturus mennii,demersal,135,550,167,NA,79.39,NA,NA
Dipturus nidarosiensis,bathydemersal,125,1420,200,NA,84.61,NA,NA
Dentiraja oculata,benthopelagic,200,389,NA,NA,47.03,NA,NA
Dipturus olseni,demersal,55,385,69,NA,44.78,NA,NA
Dipturus oregoni,bathydemersal,475,1080,144,NA,74.43,NA,NA
Dipturus oxyrinchus,bathydemersal,70,1230,150,NA,77.39,3.5,0.5
Dipturus pullopunctatus,demersal,50,457,130,NA,75.33,NA,NA
Dipturus queenslandicus,bathydemersal,399,606,65.9,NA,51.91,NA,NA
Dipturus springeri,bathydemersal,88,740,192,NA,84.61,NA,NA
Dipturus stenorhynchus,bathydemersal,253,761,101,NA,59,NA,NA
Dipturus teevani,bathydemersal,310,1900,84,NA,54.98,NA,NA
Dipturus tengu,demersal,45,400,113,NA,64,NA,NA
Dipturus trachyderma,bathydemersal,93,450,264,NA,85.59,NA,NA
Dipturus wengi,benthopelagic,486,1049,112.2,NA,66.12,NA,NA
Spiniraja whitleyi,demersal,1,170,200,NA,84.61,NA,NA
Dipturus wuhanlingi,benthopelagic,NA,200,66.8,NA,52.78,NA,NA
Fenestraja atripinna,bathydemersal,NA,595,NA,NA,18.27,NA,NA
Fenestraja cubensis,bathydemersal,NA,NA,NA,NA,12,NA,NA
Fenestraja ishiyamai,bathydemersal,400,1000,NA,NA,18.27,NA,NA
Fenestraja maceachrani,bathydemersal,NA,605,NA,NA,18.27,NA,NA
Fenestraja mamillidens,bathydemersal,NA,1093,NA,NA,18.27,NA,NA
Fenestraja plutonia,bathydemersal,290,750,NA,NA,15.3,NA,NA
Fenestraja sibogae,bathydemersal,NA,290,31,NA,18.27,NA,NA
Fenestraja sinusmexicanus,demersal,NA,311,37.5,NA,19.77,NA,NA
Gurgesiella atlantica,bathydemersal,374,480,50,NA,43.17,NA,NA
Gurgesiella dorsalifera,bathydemersal,470,800,53,NA,44.37,NA,NA
Gurgesiella furvescens,bathydemersal,NA,NA,52,NA,44.21,NA,NA
Hongeo koreana,demersal,30,180,76,NA,51.9,NA,NA
Leucoraja caribbaea,benthopelagic,NA,457,NA,NA,64.97,NA,NA
Leucoraja circularis,demersal,70,676,120,NA,66.5,NA,NA
Leucoraja compagnoi,bathydemersal,NA,550,29.2,NA,27.41,NA,NA
Leucoraja erinacea,demersal,0,329,54,NA,49.54,3.57,0.2525
Leucoraja fullonica,bathydemersal,30,550,120,NA,66.53,NA,NA
Leucoraja garmani,reef-associated,55,530,26,NA,53.62,3.59,0.36
Leucoraja lentiginosa,demersal,53,457,43,NA,34.21,NA,NA
Leucoraja leucosticta,demersal,70,600,80,NA,53.76,NA,NA
Leucoraja melitensis,bathydemersal,60,600,50,NA,42.21,NA,NA
Leucoraja naevus,demersal,20,500,71,NA,47.35,4.093333333333334,0.6461111111111111
Leucoraja ocellata,demersal,0,120,110,NA,55.84,4.284,0.634
Leucoraja pristispina,benthopelagic,202,504,40.1,NA,33.15,NA,NA
Leucoraja virginica,benthopelagic,104,117,NA,NA,64.97,NA,NA
Leucoraja wallacei,bathydemersal,70,450,100,NA,53.47,NA,NA
Leucoraja yucatanensis,demersal,NA,423,NA,NA,64.97,NA,NA
Malacoraja kreffti,demersal,NA,1200,70,NA,50.01,NA,NA
Malacoraja obscura,bathydemersal,808,1105,68,NA,44.73,NA,NA
Malacoraja senta,bathydemersal,46,914,61,NA,57.26,3.537777777777778,0.48777777777777775
Malacoraja spinacidermis,bathydemersal,450,1570,70,NA,50.16,NA,NA
Neoraja africana,bathydemersal,900,1640,30,NA,27.81,NA,NA
Neoraja caerulea,bathydemersal,600,1262,30,NA,27.81,NA,NA
Neoraja carolinensis,bathydemersal,695,1010,28.5,NA,26.94,NA,NA
Neoraja iberica,bathydemersal,270,670,32.7,NA,29.55,NA,NA
Neoraja stehmanni,bathydemersal,292,1025,35,NA,30.59,NA,NA
Okamejei acutispina,demersal,30,118,NA,NA,54.89,NA,NA
Okamejei arafurensis,benthopelagic,179,298,40.7,NA,36.63,NA,NA
Okamejei boesemani,demersal,70,90,55,NA,42.71,NA,NA
Okamejei cairae,benthopelagic,NA,NA,36,NA,32.54,NA,NA
Okamejei heemstrai,bathydemersal,260,500,51.5,NA,43.59,NA,NA
Okamejei hollandi,demersal,67,87,42,NA,26.4,NA,NA
Okamejei kenojei,demersal,20,120,57,750,48.83,3.66,0.545
Okamejei leptoura,benthopelagic,202,735,48.6,NA,38.12,NA,NA
Okamejei meerdervoortii,demersal,70,90,37,NA,31.58,NA,NA
Okamejei mengae,demersal,NA,NA,NA,NA,48.48,NA,NA
Okamejei ornata,benthopelagic,NA,390,41.8,NA,36.74,NA,NA
Okamejei philipi,demersal,NA,NA,NA,NA,48.48,NA,NA
Okamejei schmidti,demersal,30,60,NA,NA,48.48,NA,NA
Orbiraja jensenae,benthopelagic,110,118,53.3,NA,37.58,NA,NA
Orbiraja powelli,demersal,15,460,21,NA,47.79,NA,NA
Raja ackleyi,demersal,32,384,51,NA,37.02,NA,NA
Raja asterias,demersal,2,343,70,NA,32.01,3.81,0.58
Raja bahamensis,bathydemersal,388,412,NA,NA,62.41,NA,NA
Raja cervigoni,demersal,30,180,50,NA,51.54,NA,NA
Dipturus chinensis,demersal,NA,NA,68,NA,49.57,NA,NA
Raja clavata,demersal,5,1020,105,18000,72.66,3.6848648648648648,0.4797297297297297
Beringraja cortezensis,demersal,15,90,39,NA,32.54,NA,NA
Raja eglanteria,demersal,0,330,84,NA,50.9,3.8971428571428572,0.4742857142857143
Raja equatorialis,demersal,20,200,50,NA,36.5,NA,NA
Raja herwigi,demersal,55,102,50,NA,36.5,NA,NA
Beringraja inornata,demersal,13,1600,76,NA,51.9,NA,NA
Raja maderensis,bathydemersal,NA,500,85,NA,54.96,NA,NA
Raja microocellata,demersal,NA,100,87,4500,53.43,4.031666666666666,0.40166666666666667
Raja miraletus,demersal,17,462,63,NA,50.71,3.69,0.58
Raja montagui,demersal,8,530,83.5,NA,57.01,3.736666666666667,0.5259259259259259
Raja pita,demersal,0,15,46,NA,35.3,NA,NA
Raja polystigma,demersal,100,400,60,NA,62.14,3.28,0.53
Raja radula,demersal,NA,300,70,NA,49.65,NA,NA
Beringraja rhina,bathydemersal,9,1069,180,NA,78.39,NA,NA
Raja rondeleti,demersal,NA,NA,50,NA,37.75,NA,NA
Rajella annandalei,bathydemersal,400,830,33,NA,50.27,NA,NA
Rajella barnardi,bathydemersal,170,1700,70,NA,50.16,NA,NA
Rajella bathyphila,bathydemersal,600,2300,90,NA,56.13,NA,NA
Rajella bigelowi,bathydemersal,650,4156,55,NA,45.75,NA,NA
Rajella caudaspinosa,bathydemersal,310,718,32,NA,50.42,NA,NA
Rajella challengeri,benthopelagic,860,1500,56.1,NA,37.95,NA,NA
Rajella dissimilis,bathydemersal,719,1620,39,NA,50.27,NA,NA
Rajella eisenhardti,bathydemersal,757,907,38.45,NA,32.27,NA,NA
Rajella fuliginea,bathydemersal,732,824,NA,NA,57.47,NA,NA
Rajella fyllae,bathydemersal,170,2050,60,NA,47.07,3.36,0.2
Rajella kukujevi,bathydemersal,750,800,NA,NA,57.47,NA,NA
Rajella leoparda,bathydemersal,170,1920,65,NA,50.01,NA,NA
Rajella lintea,bathydemersal,150,2117,123,11150,67.31,NA,NA
Rajella nigerrima,bathydemersal,780,960,NA,NA,28.15,NA,NA
Rajella paucispinosa,bathypelagic,NA,1230,47.1,NA,35.42,NA,NA
Rajella purpuriventralis,bathydemersal,NA,922,17.4,NA,50.69,NA,NA
Rajella ravidula,bathydemersal,496,1250,70,NA,50.16,NA,NA
Rajella sadowskii,bathydemersal,1067,1353,NA,NA,57.47,NA,NA
Rostroraja alba,demersal,30,600,230,NA,83.91,NA,NA
Zearaja chilensis,demersal,28,500,210,NA,68.57,4.46,0.62
Zearaja maugeana,benthopelagic,NA,NA,70.6,NA,55.51,NA,NA
Zearaja nasuta,demersal,10,1500,118,NA,59.46,NA,NA
Glaucostegus cemiculus,demersal,9,100,242,49900,55.06,NA,NA
Glaucostegus granulatus,demersal,0,119,280,NA,90,NA,NA
Glaucostegus halavi,benthopelagic,0,100,120,NA,73.69,NA,NA
Glaucostegus obtusus,demersal,NA,60,93,NA,39.7,NA,NA
Glaucostegus petiti,demersal,NA,NA,NA,NA,90,NA,NA
Glaucostegus typus,demersal,0,100,270,NA,74.33,NA,NA
Anoxypristis cuspidata,benthopelagic,0,40,470,NA,77.96,NA,NA
Pristis clavata,demersal,1,20,318,NA,71.2,NA,NA
Pristis microdon,demersal,0,10,700,600000,86.67,NA,NA
Pristis pectinata,demersal,10,88,760,350000,84.4,NA,NA
Pristis perotteti,benthopelagic,1,122,650,591000,77.93,NA,NA
Pristis pristis,demersal,25,NA,750,NA,75.12,NA,NA
Pristis zijsron,demersal,5,70,730,NA,86.02,NA,NA
Rhina ancylostoma,reef-associated,3,90,300,135000,75.76,NA,NA
Rhynchobatus australiae,demersal,0,60,124,NA,67.07,NA,NA
Rhynchobatus cooki,pelagic-neritic,NA,70,81,NA,34,NA,NA
Rhynchobatus djiddensis,reef-associated,1,75,310,227000,75.76,3.6,0.58
Rhynchobatus laevis,demersal,0,60,270,240000,80,NA,NA
Rhynchobatus luebberti,demersal,0,35,300,NA,75.76,NA,NA
Rhynchobatus palpebratus,demersal,5,61,262,NA,74.33,NA,NA
Rhynchobatus springeri,pelagic-neritic,16,37,215,NA,72.33,NA,NA
Rhynchorhina mauritaniensis,pelagic-neritic,NA,NA,224,NA,72.33,NA,NA
Acroteriobatus annulatus,demersal,75,NA,140,NA,48.76,NA,NA
Acroteriobatus blochii,reef-associated,NA,NA,100,NA,55.4,NA,NA
Acroteriobatus leucospilus,demersal,NA,100,120,NA,63.98,NA,NA
Acroteriobatus ocellatus,demersal,60,185,81,NA,50.55,NA,NA
Acroteriobatus omanensis,benthopelagic,NA,NA,60,NA,37.68,NA,NA
Acroteriobatus salalah,demersal,NA,NA,78,NA,47.33,NA,NA
Acroteriobatus variegatus,demersal,10,40,75,NA,50.25,NA,NA
Acroteriobatus zanzibarensis,demersal,NA,NA,75,NA,45.54,NA,NA
Aptychotrema rostrata,demersal,NA,220,100,NA,61.39,NA,NA
Aptychotrema timorensis,benthopelagic,NA,124,58.2,NA,37.17,NA,NA
Aptychotrema vincentiana,demersal,NA,125,84,NA,52.28,NA,NA
Platyrhina sinensis,demersal,NA,NA,68,NA,40.61,NA,NA
Platyrhinoidis triseriata,demersal,0,137,91,NA,52.99,NA,NA
Pseudobatos glaucostigmus,demersal,1,112,89,NA,52.28,NA,NA
Pseudobatos horkelii,demersal,1,150,138,NA,71.25,NA,NA
Pseudobatos lentiginosus,reef-associated,0,30,75,NA,49.83,NA,NA
Pseudobatos leucorhynchus,demersal,2,8,118,NA,62.1,NA,NA
Pseudobatos percellens,demersal,0,110,100,955.1,61.55,3.58,0.51
Pseudobatos planiceps,demersal,NA,NA,113.5,NA,60.81,NA,NA
Pseudobatos prahli,demersal,NA,70,90,1350,52.28,NA,NA
Pseudobatos productus,demersal,1,91,119,9750,77.3,3.57,0.48333333333333334
Rhinobatos albomaculatus,demersal,NA,35,75,NA,45.54,NA,NA
Rhinobatos annandalei,demersal,NA,90,80,NA,47.4,NA,NA
Rhinobatos austini,pelagic-neritic,NA,NA,NA,NA,63.83,NA,NA
Rhinobatos borneensis,benthopelagic,NA,NA,68.6,NA,51.26,NA,NA
Rhinobatos formosensis,demersal,0,119,73,NA,48.2,NA,NA
Rhinobatos holcorhynchus,demersal,75,253,127,NA,67.81,NA,NA
Rhinobatos hynnicephalus,demersal,NA,NA,53,NA,46.15,NA,NA
Rhinobatos irvinei,demersal,NA,30,100,NA,55.4,NA,NA
Rhinobatos jimbaranensis,benthopelagic,NA,NA,89.2,NA,55.01,NA,NA
Rhinobatos lionotus,demersal,70,NA,75,NA,45.54,NA,NA
Rhinobatos manai,pelagic-neritic,191,290,73.1,NA,43.68,NA,NA
Rhinobatos microphthalmus,demersal,NA,NA,NA,NA,68.67,NA,NA
Rhinobatos nudidorsalis,demersal,NA,125,50.1,NA,35.27,NA,NA
Rhinobatos penggali,benthopelagic,NA,NA,86.4,NA,55.14,NA,NA
Rhinobatos punctifer,benthopelagic,NA,150,88,NA,52.28,NA,NA
Rhinobatos rhinobatos,demersal,0,100,147,NA,65.31,4.08,0.46
Rhinobatos sainsburyi,benthopelagic,66,200,59.5,NA,37.66,NA,NA
Rhinobatos schlegelii,demersal,NA,200,100,NA,56.33,NA,NA
Rhinobatos spinosus,demersal,NA,NA,34,NA,56.11,NA,NA
Rhinobatos thouiniana,demersal,NA,NA,120,NA,54.62,NA,NA
Rhinobatos whitei,pelagic-neritic,NA,NA,72,NA,48.48,NA,NA
Tarsistes philippii,demersal,NA,NA,NA,NA,70.26,NA,NA
Trygonorrhina dumerilii,demersal,5,205,146,NA,74.64,NA,NA
Trygonorrhina fasciata,demersal,0,180,126,6700,61.87,NA,NA
Trygonorrhina melaleuca,demersal,NA,NA,90,NA,53,NA,NA
Zanobatus maculatus,demersal,1,30,35.9,NA,29.56,NA,NA
Zanobatus schoenleinii,demersal,NA,100,100,1400,55.4,NA,NA
Zapteryx brevirostris,demersal,NA,50,53.4,758,40.73,NA,NA
Zapteryx exasperata,reef-associated,1,200,83,NA,62.72,NA,NA
Zapteryx xyster,reef-associated,NA,150,78,NA,47.33,NA,NA
Centrophorus atromarginatus,bathydemersal,183,450,87,NA,66.86,NA,NA
Centrophorus granulosus,bathydemersal,50,1440,170,NA,70,4.203333333333333,0.5533333333333333
Centrophorus harrissoni,bathydemersal,250,790,111.4,NA,72.49,NA,NA
Centrophorus isodon,bathydemersal,NA,770,108,NA,70.96,NA,NA
Centrophorus lesliei,bathydemersal,370,610,76.5,NA,69.23,NA,NA
Centrophorus longipinnis,bathydemersal,330,460,77.5,NA,68.67,NA,NA
Centrophorus lusitanicus,bathydemersal,300,1400,160,NA,86.67,NA,NA
Centrophorus moluccensis,bathydemersal,125,823,100,2400,68.57,NA,NA
Centrophorus seychellorum,bathydemersal,NA,1000,79.7,NA,64.69,NA,NA
Centrophorus squamosus,bathydemersal,145,2400,164,NA,85.5,4.5,0.41000000000000003
Centrophorus tessellatus,benthopelagic,20,732,89,NA,66.75,NA,NA
Centrophorus westraliensis,bathydemersal,616,750,NA,NA,67.54,NA,NA
Centrophorus zeehaani,bathydemersal,208,701,91,NA,68.04,NA,NA
Deania calcea,bathydemersal,60,1490,122,NA,65.8,4.355,0.57
Deania hystricosa,bathydemersal,600,1000,84,NA,69.42,NA,NA
Deania profundorum,bathydemersal,205,1800,79,NA,65.41,4.365,0.475
Deania quadrispinosa,bathydemersal,150,1360,115,NA,72.29,NA,NA
Dalatias licha,bathydemersal,37,1800,182,NA,65.06,4.3133333333333335,0.6466666666666667
Euprotomicroides zantedeschia,benthopelagic,NA,205,42,NA,21.79,NA,NA
Euprotomicrus bispinatus,bathypelagic,0,1800,30.5,NA,21.76,4.11,0.37
Heteroscymnoides marleyi,benthopelagic,0,502,29,NA,15.45,NA,NA
Isistius brasiliensis,bathypelagic,0,3700,42,NA,41.54,4.28,0.32
Isistius plutodus,pelagic-neritic,60,200,42,NA,21.79,NA,NA
Mollisquama parini,bathypelagic,NA,330,NA,NA,41.42,NA,NA
Squaliolus aliae,bathypelagic,200,2000,22,NA,11.3,NA,NA
Squaliolus laticaudus,bathypelagic,200,1200,22,NA,13.16,NA,NA
Echinorhinus brucus,bathydemersal,10,900,310,NA,85.1,4.38,0.66
Echinorhinus cookei,benthopelagic,11,1100,400,NA,82.94,NA,NA
Aculeola nigra,demersal,110,560,60,NA,47.06,3.87,0.51
Centroscyllium excelsum,bathydemersal,800,1000,63.6,NA,47.93,NA,NA
Centroscyllium fabricii,bathydemersal,NA,NA,107,NA,57.17,3.84,0.38
Centroscyllium granulatum,bathypelagic,NA,NA,28,NA,17.86,NA,NA
Centroscyllium kamoharai,bathydemersal,730,1200,60,NA,47.06,NA,NA
Centroscyllium nigrum,benthopelagic,269,1170,51,NA,43.35,NA,NA
Centroscyllium ornatum,bathydemersal,521,1262,30,NA,20.65,NA,NA
Centroscyllium ritteri,demersal,110,1100,43,NA,32.66,3.68,0.32
Etmopterus alphus,pelagic-oceanic,472,792,33.6,NA,20.46,NA,NA
Etmopterus baxteri,pelagic-oceanic,878,1427,75,NA,69.04,4.21,0.51
Etmopterus benchleyi,pelagic-oceanic,836,1443,32.5,NA,32.3,NA,NA
Etmopterus bigelowi,pelagic-oceanic,163,1000,67,NA,49.43,NA,NA
Etmopterus brachyurus,pelagic-oceanic,NA,NA,50,NA,43.17,4.2,0.56
Etmopterus bullisi,pelagic-oceanic,NA,850,NA,NA,34.3,NA,NA
Etmopterus burgessi,pelagic-oceanic,NA,NA,35.5,NA,29.63,NA,NA
Etmopterus carteri,pelagic-oceanic,283,356,21.2,NA,10.79,NA,NA
Etmopterus caudistigmus,pelagic-oceanic,638,793,31.4,NA,24.1,NA,NA
Etmopterus compagnoi,pelagic-oceanic,479,923,78,NA,50.15,4.32,0.365
Etmopterus decacuspidatus,pelagic-oceanic,512,692,29,NA,19.28,NA,NA
Etmopterus dianthus,pelagic-oceanic,108,880,40.9,NA,33.51,NA,NA
Etmopterus dislineatus,pelagic-oceanic,590,800,44.8,NA,37.63,NA,NA
Etmopterus evansi,pelagic-oceanic,430,550,26.2,NA,16.8,NA,NA
Etmopterus fusus,pelagic-oceanic,430,550,25.8,NA,15.62,NA,NA
Etmopterus gracilispinis,pelagic-oceanic,70,1000,35,NA,27.14,NA,NA
Etmopterus granulosus,pelagic-oceanic,220,1620,74.9,NA,50.01,4.205,0.32
Etmopterus hillianus,pelagic-oceanic,180,717,50,NA,43.17,NA,NA
Etmopterus joungi,pelagic-oceanic,300,NA,40.6,NA,36.08,NA,NA
Etmopterus lailae,pelagic-oceanic,314,384,36.8,NA,19.44,NA,NA
Etmopterus litvinovi,bathydemersal,NA,1050,NA,NA,34.3,NA,NA
Etmopterus lucifer,pelagic-oceanic,150,1250,47,NA,39.8,4.15,0.33
Etmopterus marshae,pelagic-oceanic,322,337,23.4,NA,12.18,NA,NA
Etmopterus molleri,pelagic-oceanic,250,860,46,NA,39.19,NA,NA
Etmopterus perryi,pelagic-oceanic,283,439,17,NA,10,NA,NA
Etmopterus polli,bathydemersal,300,1000,30,NA,20.65,NA,NA
Etmopterus princeps,bathydemersal,300,2213,75,NA,50.02,4.17,0.39
Etmopterus pseudosqualiolus,bathydemersal,668,1170,45.3,NA,38.77,NA,NA
Etmopterus pusillus,bathydemersal,0,1070,50,NA,43.17,4.22,0.41
Etmopterus pycnolepis,pelagic-neritic,564,880,NA,NA,40.4,NA,NA
Etmopterus robinsi,bathydemersal,400,800,31,NA,23.2,NA,NA
Etmopterus samadiae,bathypelagic,340,785,26.5,NA,14.73,NA,NA
Etmopterus schultzi,bathydemersal,200,1000,27,NA,17.89,NA,NA
Etmopterus sculptus,pelagic-oceanic,240,900,4.55,NA,25.3,4.4,0.37
Etmopterus sentosus,bathydemersal,200,500,27,NA,16.38,NA,NA
Etmopterus spinax,bathydemersal,200,2490,60,850,62.56,4.166666666666667,0.4166666666666667
Etmopterus splendidus,pelagic-neritic,120,210,30,NA,16,NA,NA
Etmopterus tasmaniensis,bathydemersal,920,1010,NA,NA,34.3,NA,NA
Etmopterus unicolor,bathydemersal,NA,NA,64,NA,40,4.04,0.33
Etmopterus viator,bathydemersal,830,1400,39.1,NA,39.44,NA,NA
Etmopterus villosus,bathydemersal,280,1610,46,NA,39.19,NA,NA
Etmopterus virens,bathydemersal,100,1000,23,NA,11.94,NA,NA
Miroscyllium sheikoi,bathypelagic,NA,360,NA,NA,36.22,NA,NA
Trigonognathus kabeyai,bathydemersal,330,360,47,425.6,42.54,4.49,0.64
Oxynotus bruniensis,bathydemersal,45,1070,60,NA,48.77,NA,NA
Oxynotus caribbaeus,bathydemersal,402,457,49,NA,41.81,NA,NA
Oxynotus centrina,bathydemersal,40,777,150,NA,80,3.06,0.26
Oxynotus japonicus,bathydemersal,150,300,54,NA,46.32,NA,NA
Oxynotus paradoxus,bathydemersal,265,720,120,NA,63.23,NA,NA
Centroscymnus coelolepis,bathydemersal,128,3700,120,NA,75.39,4.477142857142857,0.24714285714285714
Centroscymnus crepidater,bathydemersal,230,1500,130,NA,77.81,4.16,0.37
Centroscymnus macracanthus,bathydemersal,650,920,68,NA,48.76,NA,NA
Centroscymnus owstonii,bathydemersal,100,1500,121,NA,63.68,NA,NA
Centroscymnus plunketi,bathydemersal,219,1550,131,NA,73.23,NA,NA
Scymnodalatias albicauda,bathypelagic,150,510,111,NA,58.75,NA,NA
Scymnodalatias garricki,bathypelagic,NA,300,NA,NA,58.26,NA,NA
Scymnodalatias oligodon,benthopelagic,0,200,NA,NA,58.26,NA,NA
Scymnodalatias sherwoodi,benthopelagic,NA,NA,80.3,NA,46.15,NA,NA
Scymnodon ringens,bathypelagic,200,1600,110,NA,58.37,3.88,0.71
Somniosus antarcticus,benthopelagic,485,1150,438,NA,87.45,NA,NA
Somniosus longus,bathydemersal,250,1160,109.8,NA,59.35,NA,NA
Somniosus microcephalus,benthopelagic,0,2992,427,775000,89.57,4.22,0.57
Somniosus pacificus,benthopelagic,0,2205,440,NA,88.7,4.365,0.5
Somniosus rostratus,bathydemersal,200,1330,143,NA,76.2,4.34,0.385
Scymnodon ichiharai,bathypelagic,500,800,NA,NA,66,NA,NA
Zameus squamulosus,benthopelagic,0,2200,84,NA,50.7,NA,NA
Cirrhigaleus asper,bathydemersal,200,650,120,NA,73.93,NA,NA
Cirrhigaleus australis,pelagic-oceanic,360,640,NA,NA,75.04,NA,NA
Cirrhigaleus barbifer,bathydemersal,140,650,126,NA,75.84,NA,NA
Squalus acanthias,benthopelagic,0,1460,95,9100,64.21,4.392307692307693,0.52
Squalus albicaudus,benthopelagic,195,421,52.5,NA,60.42,NA,NA
Squalus albifrons,pelagic-oceanic,131,450,74,NA,68.56,NA,NA
Squalus altipinnis,pelagic-oceanic,NA,305,58.9,NA,60.3,NA,NA
Squalus bahiensis,pelagic-oceanic,NA,599,69,NA,64.86,NA,NA
Squalus bassi,pelagic-neritic,NA,NA,96,NA,68.27,NA,NA
Squalus blainville,demersal,16,780,100,1660,67.33,3.97,0.35
Squalus brevirostris,demersal,NA,130,60,NA,61.26,NA,NA
Squalus bucephalus,pelagic-oceanic,448,880,90,NA,67,NA,NA
Squalus chloroculus,bathydemersal,213,1360,85.6,NA,68.61,NA,NA
Squalus crassispinus,pelagic-oceanic,187,262,47.6,NA,61.92,NA,NA
Squalus cubensis,demersal,60,400,110,NA,70.67,4.17,0.58
Squalus edmundsi,pelagic-oceanic,204,850,70,NA,69.13,NA,NA
Squalus formosus,pelagic-oceanic,NA,NA,73.4,NA,67.93,NA,NA
Squalus grahami,pelagic-oceanic,148,504,60.2,NA,65.74,NA,NA
Squalus griffini,bathydemersal,37,950,89.9,NA,68.41,NA,NA
Squalus hemipinnis,benthopelagic,1,100,52.2,NA,68.99,NA,NA
Squalus japonicus,bathydemersal,150,300,91,NA,67.35,NA,NA
Squalus lalannei,bathydemersal,NA,1000,61.5,NA,68.29,NA,NA
Squalus lobularis,benthopelagic,NA,NA,64,NA,66.55,NA,NA
Squalus mahia,pelagic-oceanic,55,500,50,NA,60.79,NA,NA
Squalus margaretsmithae,pelagic-neritic,256,284,54.3,NA,57.91,NA,NA
Squalus megalops,demersal,30,750,72,NA,68.63,4.323333333333333,0.5466666666666666
Squalus melanurus,bathydemersal,320,340,NA,NA,65.72,NA,NA
Squalus mitsukurii,benthopelagic,29,600,89.8,NA,67.66,4.3875,0.615
Squalus montalbani,bathydemersal,154,1370,84,NA,68.45,NA,NA
Squalus nasutus,pelagic-oceanic,300,850,49.9,NA,60.79,NA,NA
Squalus notocaudatus,pelagic-oceanic,225,454,61.9,NA,60.28,NA,NA
Squalus quasimodo,pelagic-oceanic,NA,NA,NA,NA,67.17,NA,NA
Squalus rancureli,bathydemersal,320,410,NA,NA,67.81,NA,NA
Squalus raoulensis,pelagic-oceanic,NA,320,68.1,NA,65.21,NA,NA
Squalus suckleyi,benthopelagic,15,1244,140,NA,70.68,NA,NA
Squatina aculeata,demersal,30,500,188,NA,74.96,3.97,0.4
Squatina africana,demersal,NA,494,80,NA,55.43,4.23,0.52
Squatina albipunctata,benthopelagic,37,415,98.5,17000,50.84,NA,NA
Squatina argentina,demersal,100,400,170,NA,73.05,4.11,0.57
Squatina armata,demersal,NA,NA,NA,NA,73.98,NA,NA
Squatina australis,demersal,15,256,152,NA,71.35,NA,NA
Squatina caillieti,pelagic-oceanic,363,385,NA,NA,27.67,NA,NA
Squatina californica,demersal,3,205,152,NA,64.94,4.14,0.4
Squatina david,demersal,NA,NA,78.7,NA,41.52,NA,NA
Squatina dumeril,bathydemersal,1,1375,152,NA,71.04,4.494,0.676
Squatina formosa,bathydemersal,183,220,55.4,NA,37.72,NA,NA
Squatina guggenheim,demersal,4,360,129,NA,64.56,NA,NA
Squatina heteroptera,demersal,NA,164,49,NA,32.61,NA,NA
Squatina japonica,demersal,NA,NA,200,NA,76.5,NA,NA
Squatina legnota,benthopelagic,NA,NA,134.1,NA,65.15,NA,NA
Squatina mexicana,demersal,71,180,88,NA,46.65,NA,NA
Squatina nebulosa,demersal,0,200,NA,NA,73.55,NA,NA
Squatina occulta,demersal,NA,NA,120,NA,61.12,NA,NA
Squatina oculata,demersal,5,500,160,NA,72.94,4.02,0.48
Squatina pseudocellata,benthopelagic,150,312,75.1,NA,40.16,NA,NA
Squatina punctata,demersal,10,100,87,NA,50.43,NA,NA
Squatina squatina,demersal,5,150,183,80000,84.61,4.22,0.64
Squatina tergocellata,bathydemersal,120,400,135,NA,67.75,NA,NA
Squatina tergocellatoides,demersal,NA,NA,63,NA,38.84,NA,NA
Squatina varii,demersal,195,666,124.2,NA,63.02,NA,NA
Hypnos monopterygius,reef-associated,0,240,70,NA,48.04,NA,NA
Benthobatis kreffti,bathydemersal,420,527,30,NA,20.65,NA,NA
Benthobatis marcida,bathydemersal,200,923,50,NA,22.56,NA,NA
Benthobatis moresbyi,bathydemersal,787,1071,35.12,NA,29.01,NA,NA
Benthobatis yangi,bathydemersal,NA,300,21.5,NA,10.98,NA,NA
Diplobatis guamachensis,demersal,30,185,20,NA,10,NA,NA
Diplobatis ommata,reef-associated,3,94,25,NA,13.16,NA,NA
Diplobatis pictus,demersal,NA,91,NA,NA,10,NA,NA
Discopyge castelloi,pelagic-neritic,35,55,NA,NA,20.7,NA,NA
Narcine atzi,demersal,NA,27,36,NA,19.06,NA,NA
Narcine baliensis,benthopelagic,NA,60,16,NA,16.32,NA,NA
Narcine bancroftii,demersal,NA,35,65,NA,29.57,NA,NA
Narcine brasiliensis,reef-associated,1,43,54,650,34.71,3.16,0.35
Narcine brevilabiata,demersal,20,70,32,NA,17.06,NA,NA
Narcine brunnea,demersal,NA,NA,22,NA,11.3,NA,NA
Narcine entemedor,demersal,1,100,119,NA,52,NA,NA
Narcine insolita,demersal,150,175,NA,NA,25.6,NA,NA
Narcinops lasti,demersal,178,350,36.5,NA,19.3,NA,NA
Narcine leoparda,demersal,10,35,16.5,54.9,17.57,NA,NA
Narcine lingula,demersal,NA,NA,35,NA,18.57,NA,NA
Narcinops nelsoni,benthopelagic,140,540,31.3,NA,18.47,NA,NA
Narcine oculifera,benthopelagic,NA,25,35,NA,32.7,NA,NA
Narcinops ornata,benthopelagic,48,132,NA,NA,14.1,NA,NA
Narcine prodorsalis,demersal,NA,50,40,NA,20.91,NA,NA
Narcine rierai,bathydemersal,170,500,30.1,NA,20.69,NA,NA
Narcinops tasmaniensis,bathydemersal,5,640,47,NA,36.95,NA,NA
Narcine timlei,demersal,NA,NA,38,NA,20,NA,NA
Narcine vermiculata,demersal,10,60,60,NA,28.28,NA,NA
Narcinops westraliensis,demersal,10,70,29,NA,15.45,NA,NA
Crassinarke dormitor,demersal,80,NA,NA,NA,24.45,NA,NA
Electrolux addisoni,demersal,6,35,52,1800,29.2,NA,NA
Heteronarce bentuviai,demersal,NA,160,17.6,NA,16.23,NA,NA
Heteronarce garmani,demersal,73,329,25,NA,13.16,NA,NA
Heteronarce mollis,demersal,73,346,22.5,NA,17.45,NA,NA
Heteronarce prabhui,demersal,NA,300,NA,NA,16.23,NA,NA
Narke capensis,demersal,20,183,38,NA,20,NA,NA
Narke dipterygia,demersal,100,NA,18,NA,10,NA,NA
Narke japonica,reef-associated,100,NA,40,NA,20.91,NA,NA
Temera hardwickii,demersal,NA,NA,46,NA,23.83,NA,NA
Typhlonarke aysoni,bathydemersal,65,900,45,NA,37.75,NA,NA
Typhlonarke tarakea,demersal,NA,NA,35,NA,23.71,NA,NA
Platyrhina hyugaensis,pelagic-neritic,1,50,NA,NA,33.17,NA,NA
Platyrhina psomadakisi,benthopelagic,60,160,38,NA,20,NA,NA
Platyrhina tangi,pelagic-neritic,NA,NA,68,NA,47.4,NA,NA
Tetronarce californica,demersal,0,906,140,NA,78.86,NA,NA
Tetronarce cowleyi,benthopelagic,110,457,68,NA,72.35,NA,NA
Tetronarce fairchildi,bathydemersal,5,1153,100,NA,68.8,NA,NA
Tetronarce formosa,demersal,NA,300,NA,NA,67.7,NA,NA
Tetronarce macneilli,bathydemersal,90,750,107,NA,70.31,NA,NA
Tetronarce microdiscus,demersal,180,280,36.6,NA,44.36,NA,NA
Tetronarce nobiliana,benthopelagic,2,800,180,90000,87.08,4.5,0.72
Tetronarce peruana,reef-associated,24,168,50,NA,56.07,NA,NA
Tetronarce puelcha,demersal,10,600,110,NA,70.92,NA,NA
Tetronarce semipelagica,demersal,175,210,44.5,NA,52.05,NA,NA
Tetronarce tokionis,demersal,220,1100,69.3,NA,65.73,NA,NA
Tetronarce tremens,demersal,0,700,90,NA,67.21,NA,NA
Torpedo adenensis,demersal,125,230,10.7,NA,41.02,NA,NA
Torpedo andersoni,demersal,NA,229,22,NA,32.89,NA,NA
Torpedo bauchotae,demersal,NA,60,14.5,NA,27.47,NA,NA
Torpedo fuscomaculata,reef-associated,0,439,64,NA,62.73,NA,NA
Torpedo mackayana,demersal,30,50,40,NA,46.06,NA,NA
Torpedo marmorata,reef-associated,2,370,100,3000,68.57,4.492857142857143,0.7342857142857143
Torpedo panthera,demersal,1,350,100,NA,68.35,NA,NA
Torpedo sinuspersici,reef-associated,1,200,130,NA,75.99,NA,NA
Torpedo suessii,demersal,NA,NA,23.2,NA,36.5,NA,NA
Torpedo torpedo,demersal,2,400,60,NA,65.3,4.41,0.7257142857142858
Callorhinchus callorynchus,demersal,10,116,89.2,NA,54.4,3.35,0.14
Callorhinchus capensis,demersal,10,374,122,5250,59.51,NA,NA
Callorhinchus milii,demersal,0,227,125,NA,75.34,NA,NA
Chimaera argiloba,bathydemersal,370,520,91.2,NA,52.39,NA,NA
Chimaera bahamaensis,bathydemersal,NA,1506,NA,NA,52.07,NA,NA
Chimaera buccanigella,demersal,495,960,86.1,NA,48.19,NA,NA
Chimaera carophila,demersal,846,1350,103.5,NA,57.11,NA,NA
Chimaera cubana,bathydemersal,180,900,75,NA,48.6,NA,NA
Chimaera didierae,demersal,1000,1100,15.55,NA,13.79,NA,NA
Chimaera fulva,bathydemersal,780,1095,100,NA,61.2,NA,NA
Chimaera jordani,bathydemersal,750,1600,64,NA,50.77,NA,NA
Chimaera lignaria,bathydemersal,400,1800,142,NA,70.53,NA,NA
Chimaera macrospina,bathydemersal,435,1190,93.9,NA,55.8,NA,NA
Chimaera monstrosa,bathydemersal,40,1400,150,2500,73.86,3.922,0.24
Chimaera notafricana,bathydemersal,680,1000,83.7,NA,52.9,NA,NA
Chimaera obscura,bathydemersal,450,1080,NA,NA,53.41,NA,NA
Chimaera opalescens,bathydemersal,900,1400,96.8,NA,58.5,NA,NA
Chimaera orientalis,demersal,560,1138,17.62,NA,15.39,NA,NA
Chimaera owstoni,bathydemersal,NA,NA,NA,NA,67.99,NA,NA
Chimaera panthera,bathydemersal,327,1020,129,NA,67.51,NA,NA
Chimaera willwatchi,demersal,89,1365,83.4,NA,52.02,NA,NA
Hydrolagus affinis,bathydemersal,300,3000,130,NA,67.21,NA,NA
Hydrolagus africanus,bathydemersal,421,750,67,NA,45.85,NA,NA
Hydrolagus alberti,bathydemersal,570,1470,54,NA,46.79,NA,NA
Hydrolagus alphus,benthopelagic,600,900,41.9,NA,33.47,NA,NA
Hydrolagus barbouri,demersal,100,1100,NA,NA,64.38,NA,NA
Hydrolagus bemisi,bathydemersal,400,1100,111.5,NA,60.76,NA,NA
Hydrolagus colliei,demersal,0,913,100,NA,49.66,NA,NA
Hydrolagus deani,bathydemersal,469,770,67,NA,47.63,NA,NA
Hydrolagus eidolon,bathydemersal,NA,NA,NA,NA,64.38,NA,NA
Hydrolagus erithacus,bathydemersal,470,1000,132.4,NA,70.67,NA,NA
Hydrolagus homonycteris,bathydemersal,866,1447,108.5,NA,59.85,NA,NA
Hydrolagus lemures,bathydemersal,146,510,88,NA,50.69,NA,NA
Hydrolagus lusitanicus,bathypelagic,NA,1600,95.4,NA,52.04,NA,NA
Hydrolagus macrophthalmus,demersal,590,1160,63.9,NA,40.6,NA,NA
Hydrolagus marmoratus,bathydemersal,548,995,80.1,NA,49.72,NA,NA
Hydrolagus matallanasi,bathydemersal,416,736,69.5,NA,43.62,NA,NA
Hydrolagus mccoskeri,bathypelagic,396,506,NA,NA,32.7,NA,NA
Hydrolagus melanophasma,benthopelagic,2,1720,120,NA,62.8,NA,NA
Hydrolagus mirabilis,bathydemersal,450,1933,38,NA,40.75,NA,NA
Hydrolagus mitsukurii,bathydemersal,716,1054,NA,NA,64.38,NA,NA
Hydrolagus novaezealandiae,bathydemersal,25,950,96,NA,54.21,NA,NA
Hydrolagus ogilbyi,bathydemersal,120,350,85,NA,52.04,NA,NA
Hydrolagus pallidus,bathydemersal,800,2700,NA,NA,64.38,NA,NA
Hydrolagus purpurescens,benthopelagic,1150,1951,NA,NA,64.38,NA,NA
Hydrolagus trolli,bathydemersal,612,1707,111.5,NA,63.23,NA,NA
Hydrolagus waitei,bathydemersal,NA,NA,NA,NA,64.38,NA,NA
Harriotta haeckeli,bathydemersal,1400,2600,74,NA,49.57,NA,NA
Harriotta raleighana,bathydemersal,200,3100,120,NA,47.07,NA,NA
Neoharriotta carri,bathydemersal,340,600,59.6,NA,48.67,NA,NA
Neoharriotta pinnata,bathydemersal,150,500,130,NA,68.49,NA,NA
Neoharriotta pumila,bathydemersal,NA,380,72.8,NA,49.5,NA,NA
Rhinochimaera africana,bathydemersal,549,1450,81.8,NA,50.65,NA,NA
Rhinochimaera atlantica,bathydemersal,200,1500,140,NA,74.45,NA,NA
Rhinochimaera pacifica,benthopelagic,330,1490,165,NA,66.54,NA,NA
Aethia pygmaea,others,NA,NA,18,121,10,NA,NA
Alca torda,others,NA,NA,45,719,35,NA,NA
Anas platyrhynchos,others,NA,NA,NA,NA,NA,NA,NA
Arctocephalus australis,bathydemersal,NA,NA,190,200000,51.71,NA,NA
Arctocephalus philippii,bathydemersal,NA,NA,210,159000,90,NA,NA
Arctocephalus pusillus,bathydemersal,200,200,230,360000,50.92,NA,NA
Arctocephalus tropicalis,pelagic,NA,NA,180,165000,41.09,NA,NA
Athorybia rosacea,pelagic,NA,NA,NA,NA,NA,NA,NA
Balaena mysticetus,pelagic,NA,NA,1800,100000000,88.08,NA,NA
Balaenoptera borealis,pelagic,0,342,1800,30000000,90,NA,NA
Balaenoptera musculus,pelagic,80,500,3300,160000000,78.77,NA,NA
Balaenoptera physalus,pelagic,0,230,2700,75000000,90,NA,NA
Calidris alpina,others,NA,NA,23,NA,NA,NA,NA
Callichirus islagrande,benthic,0,3,NA,NA,NA,NA,NA
Callorhinus ursinus,bathydemersal,NA,NA,210,270000,51.37,NA,NA
Caperea marginata,pelagic,NA,NA,610,3200000,90,NA,NA
Carcinus maenas,benthic,0,200,6,NA,10,NA,NA
Centrostephanus coronatus,benthic,1,125,17.5,NA,NA,NA,NA
Cephalorhynchus commersonii,pelagic,NA,NA,175,86000,90,NA,NA
Cepphus columba,others,NA,NA,35,487,25,NA,NA
Cepphus grylle,others,NA,NA,36,405,26,NA,NA
Cerorhinca monocerata,others,NA,NA,38,520,28,NA,NA
Chione cancellata,benthic,2,2,2.5,NA,NA,NA,NA
Clibanarius erythropus,benthic,NA,NA,NA,NA,NA,NA,NA
Cystophora cristata,bathydemersal,NA,NA,260,400000,65.57,NA,NA
Delphinapterus leucas,pelagic,0,350,550,1600000,90,NA,NA
Delphinus delphis,pelagic,0,8000,260,135000,60.57,NA,NA
Donax variabilis,benthic,0,11,1.9,NA,NA,NA,NA
Enhydra lutris,bathydemersal,0,25,148,45000,41.42,NA,NA
Erignathus barbatus,bathydemersal,NA,NA,250,NA,54.62,NA,NA
Eschrichtius robustus,pelagic,1,2500,1500,35000000,55.78,NA,NA
Ethusa mascarone,demersal,NA,NA,NA,NA,NA,NA,NA
Eumetopias jubatus,bathydemersal,NA,NA,330,1100000,55.41,NA,NA
Feresa attenuata,pelagic,0,759,260,225000,90,NA,NA
Fratercula cirrhata,others,NA,NA,NA,779,NA,NA,NA
Fratercula corniculata,others,NA,NA,41,619,31,NA,NA
Gammarus locusta,benthic,0,127,NA,NA,NA,NA,NA
Gavia adamsii,others,NA,NA,NA,NA,NA,NA,NA
Gavia arctica,others,NA,NA,NA,NA,NA,NA,NA
Gavia immer,others,NA,NA,NA,NA,NA,NA,NA
Gavia stellata,others,NA,NA,NA,NA,NA,NA,NA
Globicephala macrorhynchus,pelagic,0,2418,610,3600000,86.21,NA,NA
Globicephala melas,pelagic,NA,NA,670,2000000,90,NA,NA
Haliotis corrugata,benthic,0,54,25,NA,NA,NA,NA
Hippolyte varians,benthic,7,9,NA,NA,NA,NA,NA
Histriophoca fasciata,bathydemersal,NA,NA,180,148000,45.79,NA,NA
Homarus americanus,benthic,0,480,64,NA,45.6,NA,NA
Hydrurga leptonyx,bathydemersal,NA,NA,300,450000,90,NA,NA
Hyperoodon ampullatus,pelagic,NA,NA,980,NA,90,NA,NA
Hyperoodon planifrons,pelagic,NA,NA,720,NA,90,NA,NA
NA,NA,NA,NA,NA,NA,NA,NA,NA
Kogia breviceps,pelagic,0,1989,340,400000,90,NA,NA
Kogia sima,pelagic,0,1989,270,210000,90,NA,NA
Lagenorhynchus acutus,pelagic,NA,NA,280,235000,90,NA,NA
Lagenorhynchus australis,pelagic,NA,NA,216,115000,90,NA,NA
Lagenorhynchus cruciger,pelagic,NA,NA,163,NA,90,NA,NA
Lagenorhynchus obscurus,pelagic,NA,NA,210,80000,90,NA,NA
Larus argentatus,others,NA,NA,66,1135,46.4,NA,NA
Larus canus,others,NA,NA,46,404,36,NA,NA
Larus dominicanus,others,NA,NA,58,1050.90002441406,43.2,NA,NA
Larus hyperboreus,others,NA,NA,77,1413,50.8,NA,NA
Larus maculipennis,others,NA,NA,38,360,28,NA,NA
Larus melanocephalus,others,NA,NA,43,390,33,NA,NA
Larus philadelphia,others,NA,NA,36,212,26,NA,NA
Larus ridibundus,others,NA,NA,43,320,33,NA,NA
Leptochela aculeocaudata,benthic,51,88,NA,NA,NA,NA,NA
Leptonychotes weddellii,bathydemersal,0,700,290,450000,56.22,NA,NA
Lissodelphis borealis,pelagic,NA,NA,310,115000,90,NA,NA
Lobodon carcinophaga,bathypelagic,0,6000,260,300000,42.7,NA,NA
Loligo vulgaris,benthopelagic,0,500,42,1500,18.74,NA,NA
Lunarca ovalis,benthic,0,68,7.6,NA,37.58,NA,NA
Magallana gigas,benthic,NA,NA,NA,NA,NA,NA,NA
Megaptera novaeangliae,pelagic,0,4000,1889.76,35000000,55.67,NA,NA
Melongena corona,benthic,0,2,20.5,NA,NA,NA,NA
Mesodesma donacium,benthic,0,20,7,NA,10,NA,NA
Mesoplodon bidens,pelagic,0,2014,550,NA,90,NA,NA
Mirounga leonina,bathypelagic,0,8000,685,5000000,90,NA,NA
Monachus monachus,bathydemersal,NA,NA,280,400000,90,NA,NA
Monachus schauinslandi,bathydemersal,NA,NA,240,200000,65.88,NA,NA
Morus bassanus,others,NA,NA,93,3070,NA,NA,NA
Musculus discors,benthic,5,150,5.5,NA,NA,NA,NA
Neophoca cinerea,bathydemersal,0,500,250,300000,90,NA,NA
Neophocaena phocaenoides,pelagic,0,250,227,NA,40.67,NA,NA
Nephrops norvegicus,benthic,20,800,24,NA,14,NA,NA
Oceanites oceanicus,others,NA,NA,19,38,10,NA,NA
Odobenus rosmarus,bathydemersal,NA,NA,380,1883000,71.5,NA,NA
Ommatophoca rossii,bathydemersal,0,100,240,204000,90,NA,NA
Orcinus orca,pelagic,0,2652,980,10000000,66.26,NA,NA
Otaria flavescens,bathydemersal,NA,NA,260,350000,50.52,NA,NA
Pagophilus groenlandicus,bathydemersal,0,6000,190,135000,53.87,NA,NA
Farfantepenaeus aztecus,benthic,0,200,19.5,NA,10,NA,NA
Farfantepenaeus brasiliensis,benthic,0,500,19.1000003814697,NA,10,NA,NA
Farfantepenaeus duorarum,benthic,0,330,26.8999996185303,NA,13.32,NA,NA
Litopenaeus setiferus,benthic,0,119,17.5,NA,11.33,NA,NA
Peponocephala electra,pelagic,0,1815,275,275000,90,NA,NA
Phaethon rubricauda,others,NA,NA,78,850,25,NA,NA
Phalacrocorax aristotelis,others,NA,NA,72,1600,NA,NA,NA
Phalacrocorax atriceps,others,NA,NA,72,2841.39990234375,NA,NA,NA
Phalacrocorax capillatus,others,NA,NA,92,3100,56.8,NA,NA
Phoca largha,bathydemersal,NA,NA,170,123000,65.39,NA,NA
Phoca vitulina,bathydemersal,NA,NA,190,150000,59.56,NA,NA
Phocarctos hookeri,bathydemersal,NA,NA,330,400000,90,NA,NA
Phocoena phocoena,pelagic,NA,NA,200,70000,44,NA,NA
Phocoenoides dalli,pelagic,NA,NA,240,200000,43.69,NA,NA
Physeter macrocephalus,pelagic,0,3200,2400,57000000,63.89,NA,NA
Pinctada imbricata,benthic,0,23,NA,NA,NA,NA,NA
Pluvialis squatarola,others,NA,NA,28,NA,NA,NA,NA
Podiceps auritus,others,NA,NA,NA,NA,NA,NA,NA
Podiceps cristatus,others,NA,NA,NA,NA,NA,NA,NA
Podiceps grisegena,others,NA,NA,NA,NA,NA,NA,NA
Portunus pelagicus,reef-associated,0,65,20,NA,10,NA,NA
Procellaria aequinoctialis,others,NA,NA,58,1253.59997558594,43.2,NA,NA
Pseudorca crassidens,pelagic,0,2332,600,2000000,85.4,NA,NA
Pterodroma arminjoniana,others,NA,NA,39,460,29,NA,NA
Puffinus gravis,others,NA,NA,53,950,41.2,NA,NA
Pusa caspica,bathydemersal,NA,NA,150,86000,90,NA,NA
Pusa hispida,bathydemersal,NA,NA,165,110000,65.57,NA,NA
Rimapenaeus constrictus,benthic,0,130,9.19999980926514,NA,10,NA,NA
Rissa tridactyla,others,NA,NA,NA,407,NA,NA,NA
Somateria mollissima,others,NA,NA,NA,2066.5,NA,NA,NA
Sotalia fluviatilis,pelagic,NA,NA,210,40000,90,NA,NA
Sousa chinensis,pelagic-oceanic,0,500,320,284000,90,NA,NA
Spheniscus magellanicus,others,NA,NA,70,4100,NA,NA,NA
Spisula solida,benthic,0,60,5,NA,10,NA,NA
Spisula solidissima,benthic,0,70,20,NA,36.93,NA,NA
Stenella attenuata,pelagic,0,5300,260,120000,83.93,NA,NA
Stenella coeruleoalba,pelagic,0,4600,260,156000,83.93,NA,NA
Stenella longirostris,pelagic,0,4330,240,77000,74.71,NA,NA
Steno bredanensis,bathypelagic,0,3290,280,150000,49.76,NA,NA
Stercorarius longicaudus,others,NA,NA,58,297,43.2,NA,NA
Stercorarius parasiticus,others,NA,NA,67,465,46.8,NA,NA
Stomolophus meleagris,pelagic,0,85,18,NA,10,NA,NA
Themisto libellula,pelagic,100,400,NA,NA,NA,NA,NA
Thysanoessa inermis,pelagic,0,3320,3.2,NA,10,NA,NA
Tringa incana,others,NA,NA,NA,NA,NA,NA,NA
Tursiops truncatus,pelagic,0,1316,380,650000,67.35,NA,NA
Upogebia stellata,benthic,NA,NA,NA,NA,NA,NA,NA
Uria aalge,others,NA,NA,43,992.5,33,NA,NA
Uria lomvia,others,NA,NA,48,964,38,NA,NA
Xema sabini,others,NA,NA,NA,998,NA,NA,NA
Zalophus californianus,bathydemersal,NA,NA,240,390000,90,NA,NA
